Formula_Label,Formulation,Dose,Fraction,Payload,Empty%,Size,mRNA uptake (%),mRNA uptake (MFI),Lipid uptake (%),Lipid uptake (MFI),Endosomal escape,Transfection (%),Transfection (MFI),batch
1,102,1.0,1,9.79,15.07,79.46,28.03,2140.00,49.67,654.33,1.130,77.93,1089.00,1
2,102,1.0,2,10.92,13.06,94.93,4.99,1993.67,37.77,617.67,1.069,61.53,860.00,1
3,102,1.0,3,10.35,11.94,80.34,15.17,1957.33,49.50,636.33,1.187,66.27,835.33,1
4,102,1.0,4,8.51,14.35,75.52,31.27,2067.33,53.57,645.33,1.141,72.73,851.00,1
5,102,1.0,5,7.24,16.40,73.13,41.50,2127.67,55.00,646.67,1.168,66.37,804.00,1
6,102,1.0,1,9.13,31.67,83.07,8.91,6570.67,58.33,670.00,,10.58,510.33,2
7,102,1.0,2,14.33,14.54,114.53,0.23,7931.33,15.57,583.33,,4.90,533.00,2
8,102,1.0,3,11.21,18.05,91.32,0.66,9892.33,27.50,600.00,,4.29,505.00,2
9,102,1.0,4,8.60,26.09,73.35,2.92,6442.00,37.03,619.67,,2.04,504.67,2
10,102,1.0,5,5.96,28.95,71.54,4.64,6474.67,26.23,596.00,,1.00,503.33,2
11,102,0.5,1,9.13,31.67,83.07,1.03,9028.67,19.03,590.67,,4.06,,2
12,102,0.5,2,14.33,14.54,114.53,0.26,6537.33,5.02,662.33,,2.59,,2
13,102,0.5,3,11.21,18.05,91.32,0.29,13771.67,5.33,555.00,,2.60,,2
14,102,0.5,4,8.60,26.09,73.35,0.41,7762.67,8.69,570.00,,4.58,,2
15,102,0.5,5,5.96,28.95,71.54,0.47,8863.00,5.88,560.67,,6.38,,2
16,102,2.0,1,9.79,15.07,79.46,74.50,2754.33,89.20,920.33,1.170,86.20,1208.33,1
17,102,2.0,2,10.92,13.06,94.93,33.97,2169.33,87.60,878.00,1.197,89.70,1361.67,1
18,102,2.0,3,10.35,11.94,80.34,66.03,2825.00,93.50,920.33,1.075,85.33,1065.00,1
19,102,2.0,4,8.51,14.35,75.52,66.83,2470.00,90.70,848.33,1.161,60.60,782.33,1
20,102,2.0,5,7.24,16.40,73.13,60.43,2338.33,83.27,757.33,1.259,45.33,684.67,1
21,102,2.0,1,9.13,31.67,83.07,40.97,7351.67,93.47,893.33,,7.48,526.67,2
22,102,2.0,2,14.33,14.54,114.53,0.74,6712.00,51.53,672.00,,3.24,542.67,2
23,102,2.0,3,11.21,18.05,91.32,5.34,6942.67,69.80,694.67,,3.20,511.33,2
24,102,2.0,4,8.60,26.09,73.35,20.30,6765.33,86.37,779.00,,4.40,534.67,2
25,102,2.0,5,5.96,28.95,71.54,23.20,6893.33,71.03,695.67,,1.21,493.00,2
26,102,5.0,1,9.79,15.07,79.46,94.87,5152.00,99.03,1839.67,1.070,84.53,1706.67,1
27,102,5.0,2,10.92,13.06,94.93,76.23,2965.00,99.07,1446.67,1.167,83.00,1701.00,1
28,102,5.0,3,10.35,11.94,80.34,89.57,3764.00,99.50,1613.33,1.087,84.77,1408.67,1
29,102,5.0,4,8.51,14.35,75.52,84.60,3423.33,99.30,1399.67,1.188,67.30,863.33,1
30,102,5.0,5,7.24,16.40,73.13,85.40,3407.67,98.90,1262.33,1.199,93.27,3131.33,1
31,315,2.0,1,5.58,47.78,81.05,22.53,2137.67,97.00,1247.67,0.998,0.75,576.33,1
32,315,2.0,2,8.62,20.19,98.10,7.15,1897.67,88.13,835.67,0.985,1.69,591.33,1
33,315,2.0,3,7.14,32.02,84.86,6.94,1938.00,91.57,879.67,0.962,1.09,572.67,1
34,315,2.0,4,5.48,42.80,73.60,13.47,1930.33,97.80,1167.00,0.936,0.81,561.33,1
35,315,2.0,5,4.90,50.35,70.23,17.93,2023.67,99.73,1398.67,0.837,1.05,556.67,1
36,315,2.0,1,8.08,43.92,86.17,0.53,2137.67,98.70,1104.33,,2.61,522.67,2
37,315,2.0,2,14.69,20.31,100.73,0.46,1897.67,93.83,925.00,,1.77,526.33,2
38,315,2.0,3,10.90,29.23,91.93,0.26,1938.00,90.13,869.00,,1.67,506.00,2
39,315,2.0,4,7.62,40.46,78.85,0.75,1930.33,99.40,1376.67,,1.59,523.33,2
40,315,2.0,5,6.26,47.84,76.23,0.38,2023.67,99.50,1299.00,,1.89,510.33,2
41,315,5.0,1,5.58,47.78,81.05,68.13,2897.67,99.80,3214.67,1.098,2.80,580.00,1
42,315,5.0,2,8.62,20.19,98.10,51.17,2373.67,99.87,1818.33,0.975,1.53,579.33,1
43,315,5.0,3,7.14,32.02,84.86,53.60,2372.33,99.80,2040.67,1.019,1.48,577.33,1
44,315,5.0,4,5.48,42.80,73.60,46.60,2271.33,99.83,2134.33,1.112,0.73,562.33,1
45,315,5.0,5,4.90,50.35,70.23,46.17,2376.67,99.87,2454.00,1.058,0.78,562.33,1
46,315,5.0,1,8.08,43.92,86.17,6.15,2897.67,100.00,2200.67,,2.46,518.00,2
47,315,5.0,2,14.69,20.31,100.73,1.55,2373.67,100.00,1714.67,,0.74,797.67,2
48,315,5.0,3,10.90,29.23,91.93,0.84,2372.33,99.97,1572.67,,0.56,508.33,2
49,315,5.0,4,7.62,40.46,78.85,4.61,2271.33,100.00,2556.33,,1.36,504.67,2
50,315,5.0,5,6.26,47.84,76.23,4.34,2376.67,100.00,2609.00,,1.22,502.67,2
51,315,10.0,1,5.58,47.78,81.05,64.67,2934.67,99.83,4026.33,1.025,27.37,695.67,1
52,315,10.0,2,8.62,20.19,98.10,62.23,2644.33,99.80,2726.33,1.016,5.93,615.33,1
53,315,10.0,3,7.14,32.02,84.86,62.23,2536.33,99.87,2738.00,0.999,2.78,584.33,1
54,315,10.0,4,5.48,42.80,73.60,69.27,2689.00,99.93,3285.00,0.941,3.41,585.33,1
55,315,10.0,5,4.90,50.35,70.23,81.83,3434.00,99.93,4842.00,0.991,50.13,765.33,1
56,315,10.0,1,8.08,43.92,86.17,15.70,2934.67,100.00,3631.67,,4.36,536.33,2
57,315,10.0,2,14.69,20.31,100.73,9.36,2644.33,100.00,2893.00,,0.70,523.67,2
58,315,10.0,3,10.90,29.23,91.93,3.67,2536.33,100.00,2638.00,,0.57,520.67,2
59,315,10.0,4,7.62,40.46,78.85,15.10,2689.00,100.00,4055.67,,1.16,507.67,2
60,315,10.0,5,6.26,47.84,76.23,11.84,3434.00,100.00,4175.00,,9.43,535.33,2