Formula_Label,Formulation,Dose,Payload,Empty%,Size,mRNA uptake (%),mRNA uptake (MFI),Lipid uptake (%),Lipid uptake (MFI),Endosomal escape,Transfection (%),Transfection (MFI),batch
1,SM102,1,9.79,15.07,80.11,26,2269,48.7,663,0.973,77.2,1014,1
2,SM102,1,9.79,15.07,81.92,29.1,2080,48.1,649,1.196,79.1,1117,1
3,SM102,1,9.79,15.07,76.35,29,2071,52.2,651,1.222,77.5,1136,1
4,SM102,1,10.92,13.06,94.75,4.17,1899,33.7,609,1.002,58.4,854,1
5,SM102,1,10.92,13.06,96.18,5.13,1913,43,622,1.135,65.2,878,1
6,SM102,1,10.92,13.06,93.87,5.68,2169,36.6,622,1.07,61,848,1
7,SM102,1,10.35,11.94,78.38,12.8,1939,41.3,625,1.276,61.8,840,1
8,SM102,1,10.35,11.94,80.84,14.9,1966,50.9,638,1.152,68.1,826,1
9,SM102,1,10.35,11.94,81.79,17.8,1967,56.3,646,1.133,68.9,840,1
10,SM102,1,8.51,14.35,74.2,30.2,2132,52.2,649,1.064,67.7,859,1
11,SM102,1,8.51,14.35,76.79,32.3,2042,52.1,648,1.207,73.3,824,1
12,SM102,1,8.51,14.35,75.56,31.3,2028,56.4,639,1.151,77.2,870,1
13,SM102,1,7.24,16.4,73.88,40.1,2145,52.2,657,1.24,75.4,913,1
14,SM102,1,7.24,16.4,71.73,40,2132,52.9,640,1.223,66,770,1
15,SM102,1,7.24,16.4,73.79,44.4,2106,59.9,643,1.04,57.7,729,1
16,SM102,1,9.13,31.67,86.11,10.3,6734,66.9,683,,8.21,507,2
17,SM102,1,9.13,31.67,81.85,6.61,6426,56.5,658,,9.72,507,2
18,SM102,1,9.13,31.67,81.24,9.83,6552,51.6,669,,13.8,517,2
19,SM102,1,14.33,14.54,113.1,0.34,6406,15.3,586,,4.54,550,2
20,SM102,1,14.33,14.54,120.8,0.16,6760,11.5,577,,5.08,525,2
21,SM102,1,14.33,14.54,109.7,0.18,10628,19.9,587,,5.07,524,2
22,SM102,1,11.21,18.05,93.81,0.8,8731,19.7,599,,3.92,496,2
23,SM102,1,11.21,18.05,90.63,0.53,8858,29.7,599,,5.33,510,2
24,SM102,1,11.21,18.05,89.52,0.65,12088,33.1,602,,3.61,509,2
25,SM102,1,8.6,26.09,72.97,2.22,6296,23.6,603,,2.82,505,2
26,SM102,1,8.6,26.09,71.2,2.73,6249,38.1,618,,2.08,502,2
27,SM102,1,8.6,26.09,75.87,3.81,6781,49.4,638,,1.22,507,2
28,SM102,1,5.96,28.95,71.03,4.33,6237,26.6,590,,1.7,506,2
29,SM102,1,5.96,28.95,72.81,4.29,6407,22.3,593,,0.61,503,2
30,SM102,1,5.96,28.95,70.79,5.29,6780,29.8,605,,0.68,501,2
31,SM102,0.5,9.13,31.67,86.11,1.17,7958,20.3,595,,3.52,,2
32,SM102,0.5,9.13,31.67,81.85,0.74,12812,12.8,579,,3.94,,2
33,SM102,0.5,9.13,31.67,81.24,1.19,6316,24,598,,4.73,,2
34,SM102,0.5,14.33,14.54,113.1,0.34,6672,8.15,600,,2.19,,2
35,SM102,0.5,14.33,14.54,120.8,0.29,6301,2.08,838,,2.74,,2
36,SM102,0.5,14.33,14.54,109.7,0.14,6639,4.83,549,,2.84,,2
37,SM102,0.5,11.21,18.05,93.81,0.24,24032,4.07,552,,2.49,,2
38,SM102,0.5,11.21,18.05,90.63,0.31,10559,5.03,555,,2.74,,2
39,SM102,0.5,11.21,18.05,89.52,0.31,6724,6.9,558,,2.58,,2
40,SM102,0.5,8.6,26.09,72.97,0.37,6483,7.94,571,,4.6,,2
41,SM102,0.5,8.6,26.09,71.2,0.39,6232,5.42,566,,4.93,,2
42,SM102,0.5,8.6,26.09,75.87,0.48,10573,12.7,573,,4.2,,2
43,SM102,0.5,5.96,28.95,71.03,0.52,12705,4.04,565,,5.45,,2
44,SM102,0.5,5.96,28.95,72.81,0.41,6140,3.86,557,,7.54,,2
45,SM102,0.5,5.96,28.95,70.79,0.48,7744,9.73,560,,6.14,,2
46,SM102,2,9.79,15.07,80.11,75.8,2768,91.7,966,1.139,90,1188,1
47,SM102,2,9.79,15.07,81.92,72.5,2590,87.2,840,1.206,82.6,1153,1
48,SM102,2,9.79,15.07,76.35,75.2,2905,88.7,955,1.166,86,1284,1
49,SM102,2,10.92,13.06,94.75,31.8,2120,87,871,1.219,88.9,1332,1
50,SM102,2,10.92,13.06,96.18,32.3,2221,86.8,866,1.1,88.9,1331,1
51,SM102,2,10.92,13.06,93.87,37.8,2167,89,897,1.271,91.3,1422,1
52,SM102,2,10.35,11.94,78.38,59.8,2331,90.7,884,0.956,92.3,1237,1
53,SM102,2,10.35,11.94,80.84,65.6,2459,95,951,1.165,79.9,951,1
54,SM102,2,10.35,11.94,81.79,72.7,3685,94.8,926,1.104,83.8,1007,1
55,SM102,2,8.51,14.35,74.2,66.7,2499,92.3,867,1.095,61.9,742,1
56,SM102,2,8.51,14.35,76.79,68.5,2486,91.7,864,1.28,40.3,675,1
57,SM102,2,8.51,14.35,75.56,65.3,2425,88.1,814,1.109,79.6,930,1
58,SM102,2,7.24,16.4,73.88,53.7,2229,81.3,758,1.183,53.6,718,1
59,SM102,2,7.24,16.4,71.73,56,2244,81.5,734,1.224,45.9,679,1
60,SM102,2,7.24,16.4,73.79,71.6,2542,87,780,1.369,36.5,657,1
61,SM102,2,9.13,31.67,86.11,42.9,7324,94.8,889,,4.04,512,2
62,SM102,2,9.13,31.67,81.85,37,7238,92.8,884,,6.51,530,2
63,SM102,2,9.13,31.67,81.24,43,7493,92.8,907,,11.9,538,2
64,SM102,2,14.33,14.54,113.1,0.78,6463,51.9,672,,2.41,554,2
65,SM102,2,14.33,14.54,120.8,0.72,6657,54.6,679,,3.02,538,2
66,SM102,2,14.33,14.54,109.7,0.73,7016,48.1,665,,4.29,536,2
67,SM102,2,11.21,18.05,93.81,4.98,6985,73.8,696,,3.35,504,2
68,SM102,2,11.21,18.05,90.63,5.63,7296,72.1,693,,2.46,510,2
69,SM102,2,11.21,18.05,89.52,5.4,6547,63.5,695,,3.78,520,2
70,SM102,2,8.6,26.09,72.97,21.4,6766,87.8,796,,1.27,491,2
71,SM102,2,8.6,26.09,71.2,21,6836,87.5,777,,6.39,506,2
72,SM102,2,8.6,26.09,75.87,18.5,6694,83.8,764,,5.53,607,2
73,SM102,2,5.96,28.95,71.03,21,6832,71.6,697,,1.03,494,2
74,SM102,2,5.96,28.95,72.81,21.8,6933,69.7,692,,1.03,476,2
75,SM102,2,5.96,28.95,70.79,26.8,6915,71.8,698,,1.56,509,2
76,SM102,5,9.79,15.07,80.11,97.9,,98.9,1761,1.041,78.9,982,1
77,SM102,5,9.79,15.07,81.92,93.3,4992,98.7,1834,1.085,90.8,1816,1
78,SM102,5,9.79,15.07,76.35,93.4,5312,99.5,1924,1.084,83.9,2322,1
79,SM102,5,10.92,13.06,94.75,76.1,3040,99.4,1455,1.284,68.5,988,1
80,SM102,5,10.92,13.06,96.18,75.7,2912,98.8,1392,1.112,90.4,2213,1
81,SM102,5,10.92,13.06,93.87,76.9,2943,99,1493,1.106,90.1,1902,1
82,SM102,5,10.35,11.94,78.38,89.5,3749,99.6,1591,0.97,81.2,1310,1
83,SM102,5,10.35,11.94,80.84,89.7,3911,99.6,1647,1.156,88.5,1602,1
84,SM102,5,10.35,11.94,81.79,89.5,3632,99.3,1602,1.136,84.6,1314,1
85,SM102,5,8.51,14.35,74.2,89,3886,99.6,1485,1.098,43.6,695,1
86,SM102,5,8.51,14.35,76.79,85.6,3333,99.6,1392,1.181,77.5,897,1
87,SM102,5,8.51,14.35,75.56,79.2,3051,98.7,1322,1.285,80.8,998,1
88,SM102,5,7.24,16.4,73.88,87.8,3572,99.1,1280,1.115,94.8,2930,1
89,SM102,5,7.24,16.4,71.73,84.7,3355,98.8,1262,1.254,92.9,3180,1
90,SM102,5,7.24,16.4,73.79,83.7,3296,98.8,1245,1.227,92.1,3284,1
91,ALC0315,2,5.58,47.78,81.19,14.9,1997,98.3,1248,1.012,0.34,562,1
92,ALC0315,2,5.58,47.78,80.15,24.8,2268,98.1,1265,1.026,1.07,585,1
93,ALC0315,2,5.58,47.78,81.8,27.9,2148,94.6,1230,0.958,0.84,582,1
94,ALC0315,2,8.62,20.19,98.33,9.21,1900,85.6,874,1.044,2.87,601,1
95,ALC0315,2,8.62,20.19,98,5.48,1893,88,799,0.944,1.55,598,1
96,ALC0315,2,8.62,20.19,97.98,6.76,1900,90.8,834,0.966,0.64,575,1
97,ALC0315,2,7.14,32.02,84.58,7.28,2027,89.7,903,0.937,1.88,591,1
98,ALC0315,2,7.14,32.02,86.42,7.65,1896,94.5,890,0.911,0.79,575,1
99,ALC0315,2,7.14,32.02,83.57,5.88,1891,90.5,846,1.037,0.59,552,1
100,ALC0315,2,5.48,42.8,71.52,14.7,1975,96,1155,0.821,0.81,548,1
101,ALC0315,2,5.48,42.8,75.35,10.8,1888,98.4,1132,1.061,0.62,573,1
102,ALC0315,2,5.48,42.8,73.93,14.9,1928,99,1214,0.925,1.01,563,1
103,ALC0315,2,4.9,50.35,69.34,17.4,1958,99.8,1363,0.844,1.24,553,1
104,ALC0315,2,4.9,50.35,70.64,18,2019,99.7,1383,0.888,1.43,559,1
105,ALC0315,2,4.9,50.35,70.7,18.4,2094,99.7,1450,0.78,0.47,558,1
106,ALC0315,2,8.08,43.92,87.87,0.64,1997,99.4,1176,,2.37,520,2
107,ALC0315,2,8.08,43.92,83.24,0.41,2268,98.6,1038,,2.13,517,2
108,ALC0315,2,8.08,43.92,87.41,0.53,2148,98.1,1099,,3.34,531,2
109,ALC0315,2,14.69,20.31,97.38,0.4,1900,93.2,916,,1.78,529,2
110,ALC0315,2,14.69,20.31,106.7,0.5,1893,94.5,941,,2.02,521,2
111,ALC0315,2,14.69,20.31,98.11,0.47,1900,93.8,918,,1.51,529,2
112,ALC0315,2,10.9,29.23,86.32,0.21,2027,79.5,776,,1.81,505,2
113,ALC0315,2,10.9,29.23,94.24,0.24,1896,94.1,870,,1.91,511,2
114,ALC0315,2,10.9,29.23,95.22,0.34,1891,96.8,961,,1.28,502,2
115,ALC0315,2,7.62,40.46,79.25,0.59,1975,99.7,1289,,1.94,521,2
116,ALC0315,2,7.62,40.46,76.85,0.9,1888,98.6,1292,,1.36,525,2
117,ALC0315,2,7.62,40.46,80.45,0.76,1928,99.9,1549,,1.48,524,2
118,ALC0315,2,6.26,47.84,76.8,0.38,1958,99.1,1237,,1.83,518,2
119,ALC0315,2,6.26,47.84,73.79,0.48,2019,99.7,1325,,2.5,501,2
120,ALC0315,2,6.26,47.84,78.11,0.28,2094,99.7,1335,,1.34,512,2
121,ALC0315,5,5.58,47.78,81.19,56.2,2462,99.8,2971,1.145,1.09,559,1
122,ALC0315,5,5.58,47.78,80.15,76.5,3032,99.9,3385,1.009,3.64,586,1
123,ALC0315,5,5.58,47.78,81.8,71.7,3199,99.7,3288,1.139,3.68,595,1
124,ALC0315,5,8.62,20.19,98.33,61,2428,99.9,1897,0.957,2.27,591,1
125,ALC0315,5,8.62,20.19,98,57.9,2500,99.9,1857,1.027,1.23,565,1
126,ALC0315,5,8.62,20.19,97.98,34.6,2193,99.8,1701,0.941,1.1,582,1
127,ALC0315,5,7.14,32.02,84.58,56.7,2397,99.8,2111,0.915,1.88,568,1
128,ALC0315,5,7.14,32.02,86.42,47.1,2257,99.8,1980,1.146,1.64,588,1
129,ALC0315,5,7.14,32.02,83.57,57,2463,99.8,2031,0.997,0.91,576,1
130,ALC0315,5,5.48,42.8,71.52,30.4,2090,99.7,2006,1.304,0.83,570,1
131,ALC0315,5,5.48,42.8,75.35,55.5,2390,100,2231,1.045,0.59,563,1
132,ALC0315,5,5.48,42.8,73.93,53.9,2334,99.8,2166,0.988,0.76,554,1
133,ALC0315,5,4.9,50.35,69.34,39.7,2298,99.8,2471,0.981,0.93,577,1
134,ALC0315,5,4.9,50.35,70.64,56.4,2466,99.9,2564,1.264,0.78,546,1
135,ALC0315,5,4.9,50.35,70.7,42.4,2366,99.9,2327,0.929,0.63,564,1
136,ALC0315,5,8.08,43.92,87.87,4.23,2462,100,2174,,1.4,510,2
137,ALC0315,5,8.08,43.92,83.24,6.54,3032,100,2286,,2.51,518,2
138,ALC0315,5,8.08,43.92,87.41,7.68,3199,100,2142,,3.48,526,2
139,ALC0315,5,14.69,20.31,97.38,1.37,2428,100,1743,,0.75,508,2
140,ALC0315,5,14.69,20.31,106.7,1.76,2500,100,1661,,0.7,511,2
141,ALC0315,5,14.69,20.31,98.11,1.52,2193,100,1740,,0.76,1374,2
142,ALC0315,5,10.9,29.23,86.32,0.79,2397,99.9,1540,,0.74,533,2
143,ALC0315,5,10.9,29.23,94.24,0.91,2257,100,1643,,0.42,487,2
144,ALC0315,5,10.9,29.23,95.22,0.82,2463,100,1535,,0.52,505,2
145,ALC0315,5,7.62,40.46,79.25,5.69,2090,100,2540,,1.73,493,2
146,ALC0315,5,7.62,40.46,76.85,3.29,2390,100,2469,,1.13,519,2
147,ALC0315,5,7.62,40.46,80.45,4.86,2334,100,2660,,1.23,502,2
148,ALC0315,5,6.26,47.84,76.8,4.04,2298,100,2549,,1.45,489,2
149,ALC0315,5,6.26,47.84,73.79,4.39,2466,100,2667,,1.22,507,2
150,ALC0315,5,6.26,47.84,78.11,4.58,2366,100,2611,,1,512,2
151,ALC0315,10,5.58,47.78,81.19,60.6,2606,99.7,3837,0.993,20.9,663,1
152,ALC0315,10,5.58,47.78,80.15,63,2805,99.8,4005,1.052,21.5,671,1
153,ALC0315,10,5.58,47.78,81.8,70.4,3393,100,4237,1.028,39.7,753,1
154,ALC0315,10,8.62,20.19,98.33,72.2,2855,99.8,2887,1.027,5.33,606,1
155,ALC0315,10,8.62,20.19,98,56.5,2542,99.7,2579,1.049,6.73,619,1
156,ALC0315,10,8.62,20.19,97.98,58,2536,99.9,2713,0.974,5.74,621,1
157,ALC0315,10,7.14,32.02,84.58,72.1,2689,99.8,2806,0.988,1.26,565,1
158,ALC0315,10,7.14,32.02,86.42,57.8,2511,99.9,2729,1.057,2.09,585,1
159,ALC0315,10,7.14,32.02,83.57,56.8,2409,99.9,2679,0.952,5,603,1
160,ALC0315,10,5.48,42.8,71.52,63.8,2549,100,3067,0.776,3.33,581,1
161,ALC0315,10,5.48,42.8,75.35,68.7,2612,99.9,3148,1.062,5.02,603,1
162,ALC0315,10,5.48,42.8,73.93,75.3,2906,99.9,3640,0.985,1.88,572,1
163,ALC0315,10,4.9,50.35,69.34,79.2,3318,100,4717,0.959,49.4,753,1
164,ALC0315,10,4.9,50.35,70.64,82.1,3384,99.9,4748,1.044,49.6,757,1
165,ALC0315,10,4.9,50.35,70.7,84.2,3600,99.9,5061,0.971,51.4,786,1
166,ALC0315,10,8.08,43.92,87.87,13.8,2606,100,3647,,1.46,516,2
167,ALC0315,10,8.08,43.92,83.24,11.9,2805,100,3508,,3.27,533,2
168,ALC0315,10,8.08,43.92,87.41,21.4,3393,100,3740,,8.35,560,2
169,ALC0315,10,14.69,20.31,97.38,9.72,2855,100,2887,,0.74,507,2
170,ALC0315,10,14.69,20.31,106.7,9.57,2542,100,2862,,0.69,528,2
171,ALC0315,10,14.69,20.31,98.11,8.78,2536,100,2930,,0.66,536,2
172,ALC0315,10,10.9,29.23,86.32,3.78,2689,100,2567,,0.5,512,2
173,ALC0315,10,10.9,29.23,94.24,4.42,2511,100,2780,,0.46,516,2
174,ALC0315,10,10.9,29.23,95.22,2.81,2409,100,2567,,0.74,534,2
175,ALC0315,10,7.62,40.46,79.25,14.7,2549,100,4094,,1.16,507,2
176,ALC0315,10,7.62,40.46,76.85,12.8,2612,100,3946,,1.19,494,2
177,ALC0315,10,7.62,40.46,80.45,17.8,2906,100,4127,,1.14,522,2
178,ALC0315,10,6.26,47.84,76.8,13.6,3318,100,4271,,3.19,498,2
179,ALC0315,10,6.26,47.84,73.79,9.62,3384,100,3949,,12,545,2
180,ALC0315,10,6.26,47.84,78.11,12.3,3600,100,4305,,13.1,563,2
