Formula_Label,Solvent,Solvent_Polarity,DS_Protein_Ratio,DS_MW,DS Concentration,Polymer_MW,Polymer_Protein_Ratio,Polymer concentration,log_DS_MW,log_Polymer_MW,Experimenta #,Encapsulation efficiency (%),Size,Zeta Potential,Release D5,Release D10,Release D30,,,,,,,,,,,,,,,,,,,
1,ACN,3.5,2,500000,1,20000,10,2.5,5.7,4.3,1A,0.65,83.01,-34.3,5.940396601,8.04306455,14.31939349,,,,,,,,,,,,,,,,,,,
2,ACN,3.5,0.75,500000,0.375,55000,10,2.5,5.7,4.7,1B,0.87,82.48666667,-37.7,12.01015357,14.01928738,17.36613611,,,,,,,,,,,,,,,,,,,
3,ACN,3.5,0.75,100000,0.375,45000,20,5,5,4.7,1C,0.93,84.19,-26.26666667,3.771587856,7.634421463,18.24605032,,,,,,,,,,,,,,,,,,,
4,ACN,3.5,1.5,100000,0.75,20000,2.5,0.625,5,4.3,2C,1,88.21666667,-38.46666667,13.31637482,15.54976432,14.80367061,,,,,,,,,,,,,,,,,,,
5,ACN,3.5,1.5,100000,0.75,55000,20,5,5,4.7,3C,0.97,88.30333333,-38.23333333,6.250428789,22.18218198,36.05982592,,,,,,,,,,,,,,,,,,,
6,ACN,3.5,1,500000,0.5,10000,10,2.5,5.7,4,2A,0.62,84.52,-30.26666667,1.426437625,38.32883523,68.9843685,,,,,,,,,,,,,,,,,,,
7,ACN,3.5,2,500000,1,75000,20,5,5.7,4.9,2B,,118.8666667,-21.16666667,29.69501213,29.61699047,28.34546179,,,,,,,,,,,,,,,,,,,
8,ACN,3.5,0.5,100000,0.25,55000,10,2.5,5,4.7,4C,0.96,102.5333333,-29.76666667,6.288763174,10.69612143,21.694901,,,,,,,,,,,,,,,,,,,
9,ACN,3.5,1,500000,0.5,55000,10,2.5,5.7,4.7,3B,,109.6,-41.3,20.3528892,24.501985,28.38118389,,,,,,,,,,,,,,,,,,,
10,ACN,3.5,1.5,500000,0.75,55000,2.5,0.625,5.7,4.7,4B,0.89,135.9333333,-28.9,4.274526417,11.26257591,78.83198044,,,,,,,,,,,,,,,,,,,
11,ACN,3.5,1.5,500000,0.75,45000,10,2.5,5.7,4.7,3A,0.69,77.44,-33.23333333,20.83816943,25.62294529,48.50694226,,,,,,,,,,,,,,,,,,,
12,ACN,3.5,1.5,100000,0.75,5000,10,2.5,5,3.7,5C,0.88,99.36666667,-31.8,-18.83353356,0.629174435,-6.639509723,,,,,,,,,,,,,,,,,,,
13,ACN,3.5,0.75,500000,0.375,10000,10,2.5,5.7,4,4A,0.64,84.91,-34.23333333,-223.1598974,-8.470155844,-30.37824993,,,,,,,,,,,,,,,,,,,
14,ACN,3.5,1.5,100000,0.75,45000,5,1.25,5,4.7,6C,0.85,105.7666667,-42.1,18.93862688,26.17433502,27.45400421,,,,,,,,,,,,,,,,,,,
15,ACN,3.5,1.5,100000,0.75,20000,10,2.5,5,4.3,7C,0.98,84.68333333,-46.5,14.80893955,26.08133896,50.1818147,,,,,,,,,,,,,,,,,,,
16,ACN,3.5,1,40000,0.5,10000,10,2.5,4.6,4,5A,0.58,81.52,-32.53333333,22.53114259,20.31315799,41.22879315,,,,,,,,,,,,,,,,,,,
17,ACN,3.5,1.5,40000,0.75,75000,2.5,0.625,4.6,4.9,6A,0.45,106.77,-28.86666667,15.60476201,15.77677669,38.21534847,,,,,,,,,,,,,,,,,,,
18,ACN,3.5,1,100000,0.5,55000,5,1.25,5,4.7,8C,0.96,116.2,-46.46666667,22.51337413,20.79966643,36.33744234,,,,,,,,,,,,,,,,,,,
19,ACN,3.5,0.5,100000,0.25,20000,20,5,5,4.3,9C,0.98,68.09,-20.4,29.86106113,31.03582588,61.04010573,,,,,,,,,,,,,,,,,,,
20,ACN,3.5,2,40000,1,45000,20,5,4.6,4.7,7A,0.45,63.3,-22.7,21.66504721,22.83443246,46.73366128,,,,,,,,,,,,,,,,,,,
21,ACN,3.5,1,20000,0.5,75000,10,2.5,4.3,4.9,10C,1,119.9666667,-23.1,19.68905769,16.31544328,53.95861155,,,,,,,,,,,,,,,,,,,
22,ACN,3.5,0.5,500000,0.25,55000,10,2.5,5.7,4.7,5B,0.92,112.1,-35.26666667,35.52179192,27.57019665,64.15207235,,,,,,,,,,,,,,,,,,,
23,ACN,3.5,1,100000,0.5,20000,20,5,5,4.3,1D,0.81,59.37333333,-20.7,17.52024018,21.11160408,59.29209144,,,,,,,,,,,,,,,,,,,
24,ACN,3.5,2,100000,1,10000,10,2.5,5,4,2D,0.89,76.6875,-40.03333333,28.35702691,24.87691814,71.06443252,,,,,,,,,,,,,,,,,,,
25,ACN,3.5,1.5,500000,0.75,20000,5,1.25,5.7,4.3,8A,0.59,86.47,-34.3,34.59506985,29.67294524,93.81025859,,,,,,,,,,,,,,,,,,,
26,ACN,3.5,2,500000,1,55000,20,5,5.7,4.7,6B,0.91,94.7,-6.896666667,21.29357999,19.63270937,75.67119106,,,,,,,,,,,,,,,,,,,
27,ACN,3.5,1,500000,0.5,45000,10,2.5,5.7,4.7,9A,0.71,75.45,-35.36666667,28.07131438,25.30717885,60.96670537,,,,,,,,,,,,,,,,,,,
28,ACN,3.5,1.5,100000,0.75,45000,20,5,5,4.7,3D,0.89,77.66666667,-37.26666667,29.1392234,37.80344075,80.84147349,,,,,,,,,,,,,,,,,,,
29,ACN,3.5,1,100000,0.5,55000,10,2.5,5,4.7,4D,0.85,110.0333333,-34.46666667,30.09082394,27.79535759,57.81256079,,,,,,,,,,,,,,,,,,,
30,ACN,3.5,1.5,100000,0.75,75000,1,0.25,5,4.9,5D,0.79,152.4,-40.83333333,35.38357193,33.48988119,57.76471872,,,,,,,,,,,,,,,,,,,
31,ACN,3.5,0.75,500000,0.375,55000,20,5,5.7,4.7,7B,0.94,87.49666667,-47.5,55.74093894,52.4344417,52.04036489,,,,,,,,,,,,,,,,,,,
32,ACN,3.5,1,500000,0.5,45000,20,5,5.7,4.7,8B,0.9,73.26,-36.86666667,51.48301909,54.03749724,65.54493959,,,,,,,,,,,,,,,,,,,
33,ACN,3.5,2,40000,1,45000,5,1.25,4.6,4.7,9B,0.96,87.76333333,-44.63333333,44.23935921,46.87913774,36.59981023,,,,,,,,,,,,,,,,,,,
34,ACN,3.5,0.5,100000,0.25,10000,5,1.25,5,4,6D,0.9,115.6666667,-30.73333333,39.67443612,49.53059848,63.08934955,,,,,,,,,,,,,,,,,,,
35,ACN,3.5,0.75,100000,0.375,20000,10,2.5,5,4.3,7D,0.96,93.76666667,-42.86666667,48.56238598,57.40490655,82.62136765,,,,,,,,,,,,,,,,,,,
36,ACN,3.5,0.75,100000,0.375,75000,2.5,0.625,5,4.9,8D,0.79,147.7,-36,48.15780583,55.95606845,93.82248335,,,,,,,,,,,,,,,,,,,
37,ACN,3.5,1.5,6500,0.75,20000,5,1.25,3.8,4.3,10A,0.67,111.2,-23.56666667,48.14957207,50.03409806,57.87406483,,,,,,,,,,,,,,,,,,,
38,ACN,3.5,2,100000,1,20000,5,1.25,5,4.3,9D,0.88,85.39,-42.6,47.64362261,79.3488769,90.41610792,,,,,,,,,,,,,,,,,,,
39,ACN,3.5,1,500000,0.5,45000,2.5,0.625,5.7,4.7,10B,0.91,108.9,-43.16666667,51.63262016,55.47359341,90.4828554,,,,,,,,,,,,,,,,,,,
40,ACN,3.5,1.5,100000,0.75,20000,5,1.25,5,4.3,10D,0.73,89.61333333,-39.53333333,42.70239582,47.53889992,88.17515711,,,,,,,,,,,,,,,,,,,
41,ACETONE,5.1,2,500000,1,55000,5,1.25,5.7,4.7,,,138.6666667,-36.13333333,,,,,,,,,,,,,,,,,,,,,,
42,ACETONE,5.1,1.5,100000,0.75,5000,5,1.25,5.0,3.7,,,,,,,,,,,,,,,,,,,,,,,,,,
43,ACETONE,5.1,2,100000,1,10000,2.5,0.625,5.0,4.0,,,126.5333333,-35.46666667,,,,,,,,,,,,,,,,,,,,,,
44,ACETONE,5.1,1,500000,0.5,75000,10,2.5,5.7,4.9,,,148.1666667,-42.3,,,,,,,,,,,,,,,,,,,,,,
45,ACETONE,5.1,1,100000,0.5,55000,10,2.5,5.0,4.7,,,136.7333333,-33.56666667,,,,,,,,,,,,,,,,,,,,,,
46,ACETONE,5.1,0.75,500000,0.375,45000,10,2.5,5.7,4.7,,,178.4333333,-34.96666667,,,,,,,,,,,,,,,,,,,,,,
47,ACETONE,5.1,1,100000,0.5,20000,10,2.5,5.0,4.3,,,116.3,-34.2,,,,,,,,,,,,,,,,,,,,,,
48,ACETONE,5.1,1,500000,0.5,55000,2.5,0.625,5.7,4.7,,,176.3666667,-31.7,,,,,,,,,,,,,,,,,,,,,,
49,ACETONE,5.1,0.5,500000,0.25,45000,5,1.25,5.7,4.7,,,218.2666667,-38.53333333,,,,,,,,,,,,,,,,,,,,,,
50,ACETONE,5.1,1.5,40000,0.75,10000,10,2.5,4.6,4.0,,,149.1333333,-33.73333333,,,,,,,,,,,,,,,,,,,,,,
51,ACETONE,5.1,0.75,500000,0.375,55000,20,5,5.7,4.7,,,162.0666667,-32.8,,,,,,,,,,,,,,,,,,,,,,
52,ACETONE,5.1,1,100000,0.5,45000,10,2.5,5.0,4.7,,,127.3333333,-38,,,,,,,,,,,,,,,,,,,,,,
53,ACETONE,5.1,2,100000,1,75000,5,1.25,5.0,4.9,,,160,-40,,,,,,,,,,,,,,,,,,,,,,
54,ACETONE,5.1,0.75,500000,0.375,45000,20,5,5.7,4.7,,,98.62666667,-34.06666667,,,,,,,,,,,,,,,,,,,,,,
55,ACETONE,5.1,2,500000,1,20000,10,2.5,5.7,4.3,,,128.8333333,-40.7,,,,,,,,,,,,,,,,,,,,,,
56,ACETONE,5.1,1.5,500000,0.75,20000,20,5,5.7,4.3,,,103.1666667,-48.26666667,,,,,,,,,,,,,,,,,,,,,,
57,ACETONE,5.1,1.5,20000,0.75,10000,5,1.25,4.3,4.0,,,201.2333333,-27.3,,,,,,,,,,,,,,,,,,,,,,
58,ACETONE,5.1,1.5,500000,0.75,75000,20,5,5.7,4.9,,,116,-47.03333333,,,,,,,,,,,,,,,,,,,,,,
59,ACETONE,5.1,1.5,100000,0.75,45000,2.5,0.625,5.0,4.7,,,144.8,-35.8,,,,,,,,,,,,,,,,,,,,,,
60,ACETONE,5.1,1.5,100000,0.75,75000,10,2.5,5.0,4.9,,,128.9,-41.13333333,,,,,,,,,,,,,,,,,,,,,,
61,ACETONE,5.1,1,100000,0.5,20000,20,5,5.0,4.3,,,93.75,-34.93333333,,,,,,,,,,,,,,,,,,,,,,
62,ACETONE,5.1,1.5,500000,0.75,20000,10,2.5,5.7,4.3,,,124.0666667,-38.03333333,,,,,,,,,,,,,,,,,,,,,,
63,ACETONE,5.1,2,500000,1,55000,2.5,0.625,5.7,4.7,,,181.7666667,-38.43333333,,,,,,,,,,,,,,,,,,,,,,
64,ACETONE,5.1,0.75,40000,0.375,75000,10,2.5,4.6,4.9,,,164.3,-38.26666667,,,,,,,,,,,,,,,,,,,,,,
65,ACETONE,5.1,0.5,6500,0.25,55000,5,1.25,3.8,4.7,,,129.9333333,-32.43333333,,,,,,,,,,,,,,,,,,,,,,
66,ACETONE,5.1,1.5,100000,0.75,20000,20,5,5.0,4.3,,,93.08333333,-37.16666667,,,,,,,,,,,,,,,,,,,,,,
67,ACETONE,5.1,0.75,100000,0.375,20000,10,2.5,5.0,4.3,,,116.0666667,-35.33333333,,,,,,,,,,,,,,,,,,,,,,
68,ACETONE,5.1,1,100000,0.5,10000,10,2.5,5.0,4.0,,,105,-29.43333333,,,,,,,,,,,,,,,,,,,,,,
69,ACETONE,5.1,0.75,500000,0.375,45000,5,1.25,5.7,4.7,,,213.0333333,-38.16666667,,,,,,,,,,,,,,,,,,,,,,
70,ACETONE,5.1,1.5,100000,0.75,75000,20,5,5.0,4.9,,,116,-37.43333333,,,,,,,,,,,,,,,,,,,,,,
71,ACETONE,5.1,0.5,100000,0.25,55000,20,5,5.0,4.7,,,121.3333333,-36.3,,,,,,,,,,,,,,,,,,,,,,
72,ACETONE,5.1,1.5,100000,0.75,10000,1,0.25,5.0,4.0,,,147.5666667,-35.5,,,,,,,,,,,,,,,,,,,,,,
73,ACETONE,5.1,1.5,100000,0.75,45000,20,5,5.0,4.7,,,99.07666667,-41.5,,,,,,,,,,,,,,,,,,,,,,
74,ACETONE,5.1,1,100000,0.5,20000,1,0.25,5.0,4.3,,,164.4333333,-36.2,,,,,,,,,,,,,,,,,,,,,,
75,ACETONE,5.1,1.5,40000,0.75,55000,10,2.5,4.6,4.7,,,168.7,-30.63333333,,,,,,,,,,,,,,,,,,,,,,
76,ACETONE,5.1,1,500000,0.5,45000,20,5,5.7,4.7,,,103.2,-39.13333333,,,,,,,,,,,,,,,,,,,,,,
77,ACETONE,5.1,2,500000,1,45000,10,2.5,5.7,4.7,,,121,-37.16666667,,,,,,,,,,,,,,,,,,,,,,
78,ACETONE,5.1,2,100000,1,20000,5,1.25,5.0,4.3,,,142.5666667,-38.36666667,,,,,,,,,,,,,,,,,,,,,,
79,ACETONE,5.1,1,500000,0.5,55000,20,5,5.7,4.7,,,112.9333333,-37.7,,,,,,,,,,,,,,,,,,,,,,
80,ACETONE,5.1,2,6500,1,45000,5,1.25,3.8,4.7,,,118.2333333,-37.6,,,,,,,,,,,,,,,,,,,,,,
,,,,,,,,,,,,,,,,,,,,,,,,,,,,,,,,,,,,