Formula_label,FALCON_ID,Iter,Opt_Method,Max_Cell_Target,Ionizable_lipid,Helper_lipid,NP_ratio,IL+HL,HL_IL+HL,PEG_PEG+Chol,MC3_PcntMolar,DSPC_PcntMolar,Cholesterol_PcntMolar,DMGPEG_PcntMolar,nLnLE_RAMOS,nLnLE_THP1,nLnLE_Selectivity
1,F0001,0,N/A,N/A,Dlin-MC3-DMA,DSPC,4,20,50,9.090909091,10,10,72.72727273,7.272727273,1.46064466,0.488105317,0.972539343
2,F0002,0,N/A,N/A,Dlin-MC3-DMA,DSPC,8,20,50,9.090909091,10,10,72.72727273,7.272727273,-1.288201707,0.542704317,-1.830906024
3,F0003,0,N/A,N/A,Dlin-MC3-DMA,DSPC,12,20,50,9.090909091,10,10,72.72727273,7.272727273,-1.409167405,0.929140317,-2.338307722
4,F0004,0,N/A,N/A,Dlin-MC3-DMA,DSPC,4,50,50,9.090909091,25,25,45.45454545,4.545454545,2.978449476,0.945476317,2.032973159
5,F0005,0,N/A,N/A,Dlin-MC3-DMA,DSPC,8,50,50,9.090909091,25,25,45.45454545,4.545454545,2.748254075,1.316260317,1.431993758
6,F0006,0,N/A,N/A,Dlin-MC3-DMA,DSPC,12,50,50,9.090909091,25,25,45.45454545,4.545454545,2.556686389,1.662532317,0.894154072
7,F0007,0,N/A,N/A,Dlin-MC3-DMA,DSPC,4,80,50,9.090909091,40,40,18.18181818,1.818181818,0.074683301,0.813396317,-0.738713016
8,F0008,0,N/A,N/A,Dlin-MC3-DMA,DSPC,8,80,50,9.090909091,40,40,18.18181818,1.818181818,2.597613481,1.659421317,0.938192164
9,F0009,0,N/A,N/A,Dlin-MC3-DMA,DSPC,12,80,50,9.090909091,40,40,18.18181818,1.818181818,2.811799294,1.773124317,1.038674977
10,F0010,0,N/A,N/A,Dlin-MC3-DMA,DSPC,4,20,1.960784314,9.090909091,19.60784314,0.392156863,72.72727273,7.272727273,-0.129719713,-0.118730683,-0.01098903
11,F0011,0,N/A,N/A,Dlin-MC3-DMA,DSPC,8,20,1.960784314,9.090909091,19.60784314,0.392156863,72.72727273,7.272727273,0.115731528,-0.537993683,0.653725211
12,F0012,0,N/A,N/A,Dlin-MC3-DMA,DSPC,12,20,1.960784314,9.090909091,19.60784314,0.392156863,72.72727273,7.272727273,-0.763723286,-0.961945683,0.198222397
13,F0013,0,N/A,N/A,Dlin-MC3-DMA,DSPC,4,50,1.960784314,9.090909091,49.01960784,0.980392157,45.45454545,4.545454545,1.41860883,1.104274317,0.314334513
14,F0014,0,N/A,N/A,Dlin-MC3-DMA,DSPC,8,50,1.960784314,9.090909091,49.01960784,0.980392157,45.45454545,4.545454545,1.09196587,1.996698317,-0.904732447
15,F0015,0,N/A,N/A,Dlin-MC3-DMA,DSPC,12,50,1.960784314,9.090909091,49.01960784,0.980392157,45.45454545,4.545454545,1.042174982,1.751671317,-0.709496335
16,F0016,0,N/A,N/A,Dlin-MC3-DMA,DSPC,4,80,1.960784314,9.090909091,78.43137255,1.568627451,18.18181818,1.818181818,0.557428077,-0.424999683,0.98242776
17,F0017,0,N/A,N/A,Dlin-MC3-DMA,DSPC,8,80,1.960784314,9.090909091,78.43137255,1.568627451,18.18181818,1.818181818,0.209884123,0.122863317,0.087020806
18,F0018,0,N/A,N/A,Dlin-MC3-DMA,DSPC,12,80,1.960784314,9.090909091,78.43137255,1.568627451,18.18181818,1.818181818,0.365649847,0.298509317,0.06714053
19,F0019,0,N/A,N/A,Dlin-MC3-DMA,DSPC,4,20,0.497512438,9.090909091,19.90049751,0.099502488,72.72727273,7.272727273,-0.171993717,-0.435064683,0.263070966
20,F0020,0,N/A,N/A,Dlin-MC3-DMA,DSPC,8,20,0.497512438,9.090909091,19.90049751,0.099502488,72.72727273,7.272727273,0.215193113,-0.428247683,0.643440796
21,F0021,0,N/A,N/A,Dlin-MC3-DMA,DSPC,12,20,0.497512438,9.090909091,19.90049751,0.099502488,72.72727273,7.272727273,0.234175942,-0.535993683,0.770169625
22,F0022,0,N/A,N/A,Dlin-MC3-DMA,DSPC,4,50,0.497512438,9.090909091,49.75124378,0.248756219,45.45454545,4.545454545,1.116841402,0.675764317,0.441077085
23,F0023,0,N/A,N/A,Dlin-MC3-DMA,DSPC,8,50,0.497512438,9.090909091,49.75124378,0.248756219,45.45454545,4.545454545,1.217860803,1.477585317,-0.259724514
24,F0024,0,N/A,N/A,Dlin-MC3-DMA,DSPC,12,50,0.497512438,9.090909091,49.75124378,0.248756219,45.45454545,4.545454545,1.253118927,1.810282317,-0.55716339
25,F0025,0,N/A,N/A,Dlin-MC3-DMA,DSPC,4,80,0.497512438,9.090909091,79.60199005,0.39800995,18.18181818,1.818181818,-1.193988965,-1.460514683,0.266525718
26,F0026,0,N/A,N/A,Dlin-MC3-DMA,DSPC,8,80,0.497512438,9.090909091,79.60199005,0.39800995,18.18181818,1.818181818,-1.035238063,-0.055732683,-0.97950538
27,F0027,0,N/A,N/A,Dlin-MC3-DMA,DSPC,12,80,0.497512438,9.090909091,79.60199005,0.39800995,18.18181818,1.818181818,-1.123268778,-0.239327683,-0.883941095
28,F0028,0,N/A,N/A,Dlin-MC3-DMA,DSPC,4,20,50,0.99009901,10,10,79.20792079,0.792079208,1.409814308,2.708111317,-1.298297009
29,F0029,0,N/A,N/A,Dlin-MC3-DMA,DSPC,8,20,50,0.99009901,10,10,79.20792079,0.792079208,2.443112754,2.892816317,-0.449703563
30,F0030,0,N/A,N/A,Dlin-MC3-DMA,DSPC,12,20,50,0.99009901,10,10,79.20792079,0.792079208,2.130258279,3.019860317,-0.889602038
31,F0031,0,N/A,N/A,Dlin-MC3-DMA,DSPC,4,50,50,0.99009901,25,25,49.5049505,0.495049505,4.699289223,2.811158317,1.888130906
32,F0032,0,N/A,N/A,Dlin-MC3-DMA,DSPC,8,50,50,0.99009901,25,25,49.5049505,0.495049505,4.341236342,4.070522317,0.270714025
33,F0033,0,N/A,N/A,Dlin-MC3-DMA,DSPC,12,50,50,0.99009901,25,25,49.5049505,0.495049505,3.877901921,4.111625317,-0.233723396
34,F0034,0,N/A,N/A,Dlin-MC3-DMA,DSPC,4,80,50,0.99009901,40,40,19.8019802,0.198019802,-0.702266922,1.249904317,-1.952171239
35,F0035,0,N/A,N/A,Dlin-MC3-DMA,DSPC,8,80,50,0.99009901,40,40,19.8019802,0.198019802,1.564751799,2.713432317,-1.148680518
36,F0036,0,N/A,N/A,Dlin-MC3-DMA,DSPC,12,80,50,0.99009901,40,40,19.8019802,0.198019802,2.455176735,2.525084317,-0.069907582
37,F0037,0,N/A,N/A,Dlin-MC3-DMA,DSPC,4,20,1.960784314,0.99009901,19.60784314,0.392156863,79.20792079,0.792079208,2.938621614,4.299194317,-1.360572703
38,F0038,0,N/A,N/A,Dlin-MC3-DMA,DSPC,8,20,1.960784314,0.99009901,19.60784314,0.392156863,79.20792079,0.792079208,2.000447844,4.047196317,-2.046748473
39,F0039,0,N/A,N/A,Dlin-MC3-DMA,DSPC,12,20,1.960784314,0.99009901,19.60784314,0.392156863,79.20792079,0.792079208,1.542001815,3.935471317,-2.393469502
40,F0040,0,N/A,N/A,Dlin-MC3-DMA,DSPC,4,50,1.960784314,0.99009901,49.01960784,0.980392157,49.5049505,0.495049505,1.616505202,3.944081317,-2.327576115
41,F0041,0,N/A,N/A,Dlin-MC3-DMA,DSPC,8,50,1.960784314,0.99009901,49.01960784,0.980392157,49.5049505,0.495049505,0.54078349,3.893363317,-3.352579827
42,F0042,0,N/A,N/A,Dlin-MC3-DMA,DSPC,12,50,1.960784314,0.99009901,49.01960784,0.980392157,49.5049505,0.495049505,0.456905832,4.059555317,-3.602649485
43,F0043,0,N/A,N/A,Dlin-MC3-DMA,DSPC,4,80,1.960784314,0.99009901,78.43137255,1.568627451,19.8019802,0.198019802,-0.088016042,2.572878317,-2.660894359
44,F0044,0,N/A,N/A,Dlin-MC3-DMA,DSPC,8,80,1.960784314,0.99009901,78.43137255,1.568627451,19.8019802,0.198019802,-0.585175889,2.937208317,-3.522384206
45,F0045,0,N/A,N/A,Dlin-MC3-DMA,DSPC,12,80,1.960784314,0.99009901,78.43137255,1.568627451,19.8019802,0.198019802,-0.585175889,3.332314317,-3.917490206
46,F0046,0,N/A,N/A,Dlin-MC3-DMA,DSPC,4,20,0.497512438,0.99009901,19.90049751,0.099502488,79.20792079,0.792079208,2.762363042,4.165209317,-1.402846275
47,F0047,0,N/A,N/A,Dlin-MC3-DMA,DSPC,8,20,0.497512438,0.99009901,19.90049751,0.099502488,79.20792079,0.792079208,2.057012714,4.331229317,-2.274216603
48,F0048,0,N/A,N/A,Dlin-MC3-DMA,DSPC,12,20,0.497512438,0.99009901,19.90049751,0.099502488,79.20792079,0.792079208,1.636529689,4.653156317,-3.016626628
49,F0049,0,N/A,N/A,Dlin-MC3-DMA,DSPC,4,50,0.497512438,0.99009901,49.75124378,0.248756219,49.5049505,0.495049505,1.109606514,4.015039317,-2.905432803
50,F0050,0,N/A,N/A,Dlin-MC3-DMA,DSPC,8,50,0.497512438,0.99009901,49.75124378,0.248756219,49.5049505,0.495049505,0.575017701,4.165804317,-3.590786616
51,F0051,0,N/A,N/A,Dlin-MC3-DMA,DSPC,12,50,0.497512438,0.99009901,49.75124378,0.248756219,49.5049505,0.495049505,-0.015063518,4.144743317,-4.159806835
52,F0052,0,N/A,N/A,Dlin-MC3-DMA,DSPC,4,80,0.497512438,0.99009901,79.60199005,0.39800995,19.8019802,0.198019802,-1.562404643,2.294040317,-3.85644496
53,F0053,0,N/A,N/A,Dlin-MC3-DMA,DSPC,8,80,0.497512438,0.99009901,79.60199005,0.39800995,19.8019802,0.198019802,-1.63068657,1.131103317,-2.761789887
54,F0054,0,N/A,N/A,Dlin-MC3-DMA,DSPC,12,80,0.497512438,0.99009901,79.60199005,0.39800995,19.8019802,0.198019802,-1.506614247,1.862217317,-3.368831564
55,F0055,0,N/A,N/A,Dlin-MC3-DMA,DSPC,4,20,50,0.199600798,10,10,79.84031936,0.159680639,0.25528776,2.072684317,-1.817396557
56,F0056,0,N/A,N/A,Dlin-MC3-DMA,DSPC,8,20,50,0.199600798,10,10,79.84031936,0.159680639,0.87737389,3.020638317,-2.143264427
57,F0057,0,N/A,N/A,Dlin-MC3-DMA,DSPC,12,20,50,0.199600798,10,10,79.84031936,0.159680639,1.238422233,3.933932317,-2.695510084
58,F0058,0,N/A,N/A,Dlin-MC3-DMA,DSPC,4,50,50,0.199600798,25,25,49.9001996,0.099800399,3.220841772,2.572518317,0.648323455
59,F0059,0,N/A,N/A,Dlin-MC3-DMA,DSPC,8,50,50,0.199600798,25,25,49.9001996,0.099800399,4.330536932,4.509172317,-0.178635385
60,F0060,0,N/A,N/A,Dlin-MC3-DMA,DSPC,12,50,50,0.199600798,25,25,49.9001996,0.099800399,3.49264352,5.429766317,-1.937122797
61,F0061,0,N/A,N/A,Dlin-MC3-DMA,DSPC,4,80,50,0.199600798,40,40,19.96007984,0.03992016,-1.606193501,1.861687317,-3.467880818
62,F0062,0,N/A,N/A,Dlin-MC3-DMA,DSPC,8,80,50,0.199600798,40,40,19.96007984,0.03992016,-0.000914008,3.146625317,-3.147539325
63,F0063,0,N/A,N/A,Dlin-MC3-DMA,DSPC,12,80,50,0.199600798,40,40,19.96007984,0.03992016,-0.120875166,3.093104317,-3.213979483
64,F0064,0,N/A,N/A,Dlin-MC3-DMA,DSPC,4,20,1.960784314,0.199600798,19.60784314,0.392156863,79.84031936,0.159680639,0.898105982,2.940360317,-2.042254335
65,F0065,0,N/A,N/A,Dlin-MC3-DMA,DSPC,8,20,1.960784314,0.199600798,19.60784314,0.392156863,79.84031936,0.159680639,0.127682156,2.884784317,-2.757102161
66,F0066,0,N/A,N/A,Dlin-MC3-DMA,DSPC,12,20,1.960784314,0.199600798,19.60784314,0.392156863,79.84031936,0.159680639,0.266047918,2.555137317,-2.289089399
67,F0067,0,N/A,N/A,Dlin-MC3-DMA,DSPC,4,50,1.960784314,0.199600798,49.01960784,0.980392157,49.9001996,0.099800399,1.342524038,4.402212317,-3.059688279
68,F0068,0,N/A,N/A,Dlin-MC3-DMA,DSPC,8,50,1.960784314,0.199600798,49.01960784,0.980392157,49.9001996,0.099800399,0.455590509,4.987568317,-4.531977808
69,F0069,0,N/A,N/A,Dlin-MC3-DMA,DSPC,12,50,1.960784314,0.199600798,49.01960784,0.980392157,49.9001996,0.099800399,-0.134671431,5.240556317,-5.375227748
70,F0070,0,N/A,N/A,Dlin-MC3-DMA,DSPC,4,80,1.960784314,0.199600798,78.43137255,1.568627451,19.96007984,0.03992016,-0.438426527,2.430173317,-2.868599844
71,F0071,0,N/A,N/A,Dlin-MC3-DMA,DSPC,8,80,1.960784314,0.199600798,78.43137255,1.568627451,19.96007984,0.03992016,-0.721739743,2.709679317,-3.43141906
72,F0072,0,N/A,N/A,Dlin-MC3-DMA,DSPC,12,80,1.960784314,0.199600798,78.43137255,1.568627451,19.96007984,0.03992016,-1.123268778,3.389189317,-4.512458095
73,F0073,0,N/A,N/A,Dlin-MC3-DMA,DSPC,4,20,0.497512438,0.199600798,19.90049751,0.099502488,79.84031936,0.159680639,1.588715154,2.393851317,-0.805136163
74,F0074,0,N/A,N/A,Dlin-MC3-DMA,DSPC,8,20,0.497512438,0.199600798,19.90049751,0.099502488,79.84031936,0.159680639,0.858280982,1.937491317,-1.079210335
75,F0075,0,N/A,N/A,Dlin-MC3-DMA,DSPC,12,20,0.497512438,0.199600798,19.90049751,0.099502488,79.84031936,0.159680639,0.374489954,3.172410317,-2.797920363
76,F0076,0,N/A,N/A,Dlin-MC3-DMA,DSPC,4,50,0.497512438,0.199600798,49.75124378,0.248756219,49.9001996,0.099800399,1.341949299,3.967381317,-2.625432018
77,F0077,0,N/A,N/A,Dlin-MC3-DMA,DSPC,8,50,0.497512438,0.199600798,49.75124378,0.248756219,49.9001996,0.099800399,0.335849843,4.826063317,-4.490213474
78,F0078,0,N/A,N/A,Dlin-MC3-DMA,DSPC,12,50,0.497512438,0.199600798,49.75124378,0.248756219,49.9001996,0.099800399,-0.22246224,5.185564317,-5.408026557
79,F0079,0,N/A,N/A,Dlin-MC3-DMA,DSPC,4,80,0.497512438,0.199600798,79.60199005,0.39800995,19.96007984,0.03992016,-2.142923358,1.693792317,-3.836715675
80,F0080,0,N/A,N/A,Dlin-MC3-DMA,DSPC,8,80,0.497512438,0.199600798,79.60199005,0.39800995,19.96007984,0.03992016,-1.618195039,1.980911317,-3.599106356
81,F0081,0,N/A,N/A,Dlin-MC3-DMA,DSPC,12,80,0.497512438,0.199600798,79.60199005,0.39800995,19.96007984,0.03992016,-1.562404643,2.447726317,-4.01013096
82,F0082,1,DA,THP1,Dlin-MC3-DMA,DSPC,17.49678659,79.71465722,14.30328233,0.513310239,68.31284474,11.40181248,20.18121604,0.104126741,2.13454469,3.647659641,-1.513114951
83,F0083,1,DA,THP1,Dlin-MC3-DMA,DSPC,26.93918622,57.67897487,4.508015024,0.460714166,55.07879801,2.600176853,42.12604618,0.194978958,1.733341436,7.122874233,-5.389532797
84,F0084,1,DA,THP1,Dlin-MC3-DMA,DSPC,21.33104444,61.86817586,33.31487578,0.457478542,41.25686993,20.61130594,37.95737922,0.174444913,4.589326001,3.37360995,1.215716051
85,F0085,1,DA,THP1,Dlin-MC3-DMA,DSPC,14.01767576,52.33291924,26.19321417,0.537310354,38.62524562,13.70767362,47.4109606,0.25612016,5.896019648,4.700479989,1.195539659
86,F0086,1,DA,THP1,Dlin-MC3-DMA,DSPC,16.56748326,77.8910917,27.62202455,0.712317741,56.37599523,21.51509648,21.95142262,0.157485676,2.313237458,3.260882973,-0.947645515
87,F0087,1,DA,THP1,Dlin-MC3-DMA,DSPC,27.60370743,71.44619704,40.00217567,0.283365315,42.86616379,28.58003325,28.47289138,0.080911574,3.137159193,3.001092211,0.136066982
88,F0088,1,DA,THP1,Dlin-MC3-DMA,DSPC,24.7644757,66.71604297,23.31331247,0.344481329,51.1623234,15.55371956,33.16930002,0.114657018,3.80462757,3.687221588,0.117405982
89,F0089,1,DA,THP1,Dlin-MC3-DMA,DSPC,26.3506844,62.85272248,15.30623753,0.28515363,53.23233548,9.620386998,37.04135071,0.10592681,4.130721019,5.764280371,-1.633559352
90,F0090,1,DA,THP1,Dlin-MC3-DMA,DSPC,21.2311618,73.56491968,12.840111,0.398862451,64.11910234,9.445817341,26.32964071,0.105439609,2.647358769,3.932856914,-1.285498145
91,F0091,1,DA,THP1,Dlin-MC3-DMA,DSPC,21.40034676,65.17500305,7.835740241,0.415959111,60.06805911,5.106943941,34.68013921,0.144857748,2.735818696,8.35715559,-5.621336894
92,F0092,1,DA,THP1,Dlin-MC3-DMA,DSPC,27.93416202,52.27887541,23.75006019,0.808084423,39.86261103,12.41626438,47.33549762,0.385626974,5.847198914,6.248360124,-0.40116121
93,F0093,1,DA,THP1,Dlin-MC3-DMA,DSPC,24.24527264,51.63249433,20.6363793,0.595034219,40.97741696,10.65507737,48.07970246,0.287803209,5.89461687,6.540676858,-0.646059988
94,F0094,1,NSGAII,THP1,Dlin-MC3-DMA,DSPC,25.6303239,74.03602017,4.188214177,0.329833129,70.93523308,3.100787093,25.87834202,0.085637807,2.159713874,6.946936728,-4.787222854
95,F0095,1,NSGAII,THP1,Dlin-MC3-DMA,DSPC,13.54938263,91.19350765,42.50278329,0.207375638,52.43372872,38.75977893,8.788229834,0.01826252,0.434734426,2.091885445,-1.657151019
96,F0096,1,NSGAII,THP1,Dlin-MC3-DMA,DSPC,5.109424398,82.47129418,0.620550786,0.237306495,81.95951792,0.511776265,17.48710906,0.041596757,-0.653002787,2.623694503,-3.27669729
97,F0097,1,NSGAII,THP1,Dlin-MC3-DMA,DSPC,14.67842286,50.54441493,1.110552976,0.201625221,49.98309243,0.561322504,49.35587013,0.099714933,1.205646914,6.126843698,-4.921196784
98,F0098,1,NSGAII,THP1,Dlin-MC3-DMA,DSPC,27.87149598,69.61317814,45.64472035,0.211805856,37.83843765,31.77474049,30.32246079,0.064361068,2.93533582,2.597029188,0.338306632
99,F0099,1,NSGAII,THP1,Dlin-MC3-DMA,DSPC,19.37833547,72.16612746,23.38091139,0.50490906,55.29302914,16.87309832,27.6933368,0.140535744,2.647881837,3.53445275,-0.886570913
100,F0100,1,NSGAII,THP1,Dlin-MC3-DMA,DSPC,23.29764847,78.28996934,37.97794563,0.867630538,48.55704735,29.73292199,21.52166781,0.188362856,2.369598797,2.978578731,-0.608979934
101,F0101,1,NSGAII,THP1,Dlin-MC3-DMA,DSPC,22.40006945,51.01615105,10.23915457,0.209699311,45.79252848,5.223622562,48.88113016,0.102718794,2.266597183,6.217374219,-3.950777036
102,F0102,1,NSGAII,THP1,Dlin-MC3-DMA,DSPC,13.69278744,77.1634357,17.17910185,0.371664627,63.90745049,13.25598521,22.75168886,0.084875432,1.897893257,3.755880171,-1.857986914
103,F0103,1,NSGAII,THP1,Dlin-MC3-DMA,DSPC,17.46848656,75.45770804,0.999479512,0.337079262,74.70352371,0.754184332,24.45956498,0.082726977,0.071914453,7.059321135,-6.987406682
104,F0104,1,NSGAII,THP1,Dlin-MC3-DMA,DSPC,26.9455947,53.00860095,18.33472711,0.386857219,43.28961862,9.718982328,46.80960944,0.181789619,4.821893668,6.904266169,-2.082372501
105,F0105,1,NSGAII,THP1,Dlin-MC3-DMA,DSPC,18.99761816,86.40412368,48.68823659,0.264196415,44.33547952,42.06864416,13.5599565,0.035919818,1.494652114,3.045538069,-1.550885955
106,F0106,1,DA,RAMOS,Dlin-MC3-DMA,DSPC,6.703303456,54.5045425,71.74452036,4.84223176,15.40051991,39.10402259,43.29246201,2.202995492,5.089052134,1.441928595,3.647123539
107,F0107,1,DA,RAMOS,Dlin-MC3-DMA,DSPC,7.008821666,72.07045205,63.99097143,4.055192943,25.95186967,46.11858238,26.79695089,1.132597057,3.383345209,1.786455201,1.596890008
108,F0108,1,DA,RAMOS,Dlin-MC3-DMA,DSPC,4.699622869,68.62685397,55.48659313,3.184107184,30.54815073,38.07870324,30.37419143,0.998954596,2.673554051,1.166369071,1.50718498
109,F0109,1,DA,RAMOS,Dlin-MC3-DMA,DSPC,6.836747944,51.76209867,66.67280265,2.558957274,17.25085677,34.5112419,47.00351404,1.234387285,4.832784889,2.091489954,2.741294935
110,F0110,1,DA,RAMOS,Dlin-MC3-DMA,DSPC,5.880505726,67.07294166,89.96570992,7.983236433,6.730293534,60.34264813,30.29841342,2.628644918,0.724495989,0.286683294,0.437812695
111,F0111,1,DA,RAMOS,Dlin-MC3-DMA,DSPC,5.767894149,51.12031847,53.68925101,6.825650773,23.67420237,27.4461161,45.54332517,3.33635636,5.418675484,1.622461022,3.796214462
112,F0112,1,DA,RAMOS,Dlin-MC3-DMA,DSPC,4.035772741,67.42561946,58.15797023,6.377489013,28.21224777,39.21337169,30.496953,2.07742754,2.876725116,0.688007562,2.188717554
113,F0113,1,DA,RAMOS,Dlin-MC3-DMA,DSPC,5.352738023,56.18983477,83.15707664,2.871458862,9.464010808,46.72582397,42.55217435,1.257990872,1.630301973,0.517732354,1.112569619
114,F0114,1,DA,RAMOS,Dlin-MC3-DMA,DSPC,5.826965868,73.72313738,82.99925685,5.187976155,12.53348123,61.18965615,24.91362525,1.363237367,0.388518928,-0.24979601,0.638314938
115,F0115,1,DA,RAMOS,Dlin-MC3-DMA,DSPC,7.063157082,63.40321884,91.6167616,3.6486921,5.315242985,58.08797585,35.2614773,1.335303863,0.93933736,0.987156777,-0.047819417
116,F0116,1,DA,RAMOS,Dlin-MC3-DMA,DSPC,6.272937998,67.98419982,96.35900721,5.027803451,2.475299812,65.50890001,30.40610867,1.609691506,-0.653002787,0.21230211,-0.865304897
117,F0117,1,DA,RAMOS,Dlin-MC3-DMA,DSPC,5.161372244,62.10550174,88.00773313,5.624715708,7.447857511,54.65764423,35.76304046,2.131457796,1.054985206,0.382577318,0.672407888
118,F0118,1,NSGAII,RAMOS,Dlin-MC3-DMA,DSPC,16.419485,46.71615095,5.434857487,18.98557632,44.17719472,2.538956227,43.16760322,10.11624583,1.789291277,5.197055498,-3.407764221
119,F0119,1,NSGAII,RAMOS,Dlin-MC3-DMA,DSPC,5.100032748,32.98643489,58.4967109,18.00432409,13.69045544,19.29597946,54.94822566,12.06533945,3.319676717,1.345416715,1.974260002
120,F0120,1,NSGAII,RAMOS,Dlin-MC3-DMA,DSPC,7.306852312,62.99668468,89.13972698,25.92582264,6.841611951,56.15507273,27.40990142,9.593413901,-0.496334911,-0.01874695,-0.477587961
121,F0121,1,NSGAII,RAMOS,Dlin-MC3-DMA,DSPC,4.703923426,35.63463936,19.41415348,25.0341164,28.71647578,6.918163576,48.25206134,16.11329931,2.174531128,1.79273623,0.381794898
122,F0122,1,NSGAII,RAMOS,Dlin-MC3-DMA,DSPC,7.165874822,49.81996595,18.97947615,11.60225245,40.3643974,9.455568554,44.35801982,5.822014228,3.501595675,3.11227922,0.389316455
123,F0123,1,NSGAII,RAMOS,Dlin-MC3-DMA,DSPC,4.788919595,61.42946171,75.93708965,10.58744033,14.7817163,46.64774541,34.48690556,4.083632728,2.2796099,0.748781414,1.530828486
124,F0124,1,NSGAII,RAMOS,Dlin-MC3-DMA,DSPC,4.505957577,30.17446939,60.96919421,26.79665292,11.77733854,18.39713084,51.11462553,18.71090509,0.491480355,0.404090158,0.087390197
125,F0125,1,NSGAII,RAMOS,Dlin-MC3-DMA,DSPC,19.19243998,43.33951002,17.61019461,12.61921179,35.70733796,7.632172055,49.51038275,7.15010723,3.273243088,3.976076935,-0.702833847
126,F0126,1,NSGAII,RAMOS,Dlin-MC3-DMA,DSPC,4.064315278,96.18299587,84.01325893,21.67392901,15.3765265,80.80646937,2.989709361,0.827294765,-0.884051847,0.247422282,-1.131474129
127,F0127,1,NSGAII,RAMOS,Dlin-MC3-DMA,DSPC,4.433000401,77.92672952,56.29693748,26.85938775,34.05636732,43.8703622,16.14452517,5.928745306,1.781947925,0.382577318,1.399370607
128,F0128,1,NSGAII,RAMOS,Dlin-MC3-DMA,DSPC,9.720968,38.67366142,27.40593926,17.47413654,28.07478126,10.59888016,50.61009045,10.71624814,2.16823322,2.67155508,-0.50332186
129,F0129,1,NSGAII,RAMOS,Dlin-MC3-DMA,DSPC,9.438314586,30.10230139,47.26310799,26.21163237,15.87501818,14.22728322,51.57637081,18.32132779,2.352733411,1.734618435,0.618114976
130,F0130,2,DA,THP1,Dlin-MC3-DMA,DSPC,21.9899572,65.34071095,4.242866101,0.437504961,62.56839207,2.772318875,34.50765294,0.151636109,1.394944907,7.88603134,-6.491086433
131,F0131,2,DA,THP1,Dlin-MC3-DMA,DSPC,22.18597331,66.08907896,5.258041141,0.423966633,62.614088,3.474990962,33.76715005,0.14377099,1.796995656,7.8109517,-6.013956044
132,F0132,2,DA,THP1,Dlin-MC3-DMA,DSPC,22.3686366,63.44187749,1.094891328,0.357730851,62.74725787,0.694619615,36.42734283,0.130779683,0.674661968,7.433586423,-6.758924455
133,F0133,2,DA,THP1,Dlin-MC3-DMA,DSPC,22.3842186,66.3630513,4.696087922,0.425333654,63.24658406,3.116467237,33.49387944,0.143069263,1.312383354,7.66421663,-6.351833276
134,F0134,2,DA,THP1,Dlin-MC3-DMA,DSPC,22.15126619,63.52666416,4.411349095,0.433622875,60.72428124,2.802382924,36.31517911,0.158156728,1.306377185,7.46861924,-6.162242055
135,F0135,2,DA,THP1,Dlin-MC3-DMA,DSPC,22.32625245,64.97149513,4.630340308,0.418397985,61.9630938,3.008401327,34.88194631,0.146558558,1.401000675,7.66149578,-6.260495105
136,F0136,2,DA,THP1,Dlin-MC3-DMA,DSPC,22.09008464,63.04039968,4.947099039,0.456350618,59.92172868,3.118671007,36.79093495,0.168665365,1.453448843,7.63556718,-6.182118337
137,F0137,2,DA,THP1,Dlin-MC3-DMA,DSPC,21.93470483,64.20782801,4.269974966,0.450340823,61.46616983,2.741658182,35.63098523,0.161186762,1.155715477,7.63411964,-6.478404163
138,F0138,2,DA,THP1,Dlin-MC3-DMA,DSPC,21.77083811,64.61643285,4.762476451,0.4270447,61.53909045,3.077342398,35.2324635,0.151103648,1.593333831,7.50988907,-5.916555239
139,F0139,2,DA,THP1,Dlin-MC3-DMA,DSPC,21.70287055,65.21669647,5.12777459,0.439454746,61.87253128,3.34416519,34.63044665,0.152856878,1.430821795,7.316697926,-5.885876131
140,F0140,2,DA,THP1,Dlin-MC3-DMA,DSPC,22.04681858,65.40805489,4.72641896,0.449578577,62.31659618,3.091458708,34.43642714,0.155517975,1.482399662,7.6247867,-6.142387038
141,F0141,2,DA,THP1,Dlin-MC3-DMA,DSPC,21.87687366,63.82550346,4.99390891,0.434831444,60.63811595,3.187387504,36.01719846,0.157298086,1.46474936,7.69550705,-6.23075769
142,F0142,2,NSGAII,THP1,Dlin-MC3-DMA,DSPC,5.813143172,80.71042499,1.033328783,0.207768926,79.87642094,0.834004053,19.24949726,0.040077743,-0.155618493,3.549060209,-3.704678702
143,F0143,2,NSGAII,THP1,Dlin-MC3-DMA,DSPC,22.40004081,39.0317763,2.580246467,0.203444082,38.02466027,1.007116029,60.84418746,0.124036243,0.479521103,6.619266039,-6.139744936
144,F0144,2,NSGAII,THP1,Dlin-MC3-DMA,DSPC,21.90642872,76.84192303,1.074688567,0.203473377,76.01611167,0.825811362,23.11095644,0.047120521,0.386110263,7.093445628,-6.707335365
145,F0145,2,NSGAII,THP1,Dlin-MC3-DMA,DSPC,13.48209628,63.81165109,1.058116538,0.203514828,63.13644946,0.675201633,36.11470025,0.073648656,0.380860811,7.195235925,-6.814375114
146,F0146,2,NSGAII,THP1,Dlin-MC3-DMA,DSPC,22.27446525,63.00631308,3.57471126,0.201994342,60.75401931,2.252293768,36.91896177,0.074725155,0.724822285,7.132347669,-6.407525384
147,F0147,2,NSGAII,THP1,Dlin-MC3-DMA,DSPC,12.19023111,76.84192303,1.074016589,0.205602768,76.01662803,0.825295001,23.11046332,0.047613647,0.030920103,6.378897329,-6.347977226
148,F0148,2,NSGAII,THP1,Dlin-MC3-DMA,DSPC,21.4228961,51.11967595,2.37895668,0.204540714,49.903561,1.216114946,48.78034389,0.099980164,0.831863605,6.888949978,-6.057086373
149,F0149,2,NSGAII,THP1,Dlin-MC3-DMA,DSPC,8.14117837,80.71042499,1.014989138,0.207768926,79.89122295,0.819202047,19.24949726,0.040077743,-0.015214005,4.953189971,-4.968403976
150,F0150,2,NSGAII,THP1,Dlin-MC3-DMA,DSPC,24.13431962,75.8957551,1.062440319,0.20570951,75.089408,0.806347102,24.05466017,0.049584724,0.600609354,7.332537494,-6.73192814
151,F0151,2,NSGAII,THP1,Dlin-MC3-DMA,DSPC,22.18417308,46.77429013,3.787278512,0.201858855,45.00281749,1.771472639,53.11826906,0.107440809,0.938852955,7.098802033,-6.159949078
152,F0152,2,NSGAII,THP1,Dlin-MC3-DMA,DSPC,5.854883677,75.67623418,1.08397768,0.20375551,74.85592069,0.820313488,24.2742048,0.049561013,-0.059724469,4.949995502,-5.009719971
153,F0153,2,NSGAII,THP1,Dlin-MC3-DMA,DSPC,12.10370759,65.90884432,1.074016589,0.205602768,65.2009724,0.707871922,34.02106332,0.07009236,0.377670994,7.383741122,-7.006070128
154,F0154,2,DA,RAMOS,Dlin-MC3-DMA,DSPC,25.38124673,52.38296976,22.40018542,1.093724,40.6490874,11.73388235,47.09623135,0.520798888,5.55571912,6.221447525,-0.665728405
155,F0155,2,DA,RAMOS,Dlin-MC3-DMA,DSPC,25.27201553,51.88950224,23.59093601,2.463263984,39.64828297,12.24121927,46.92540919,1.185088564,5.190339538,5.453064364,-0.262724826
156,F0156,2,DA,RAMOS,Dlin-MC3-DMA,DSPC,25.34179951,51.46578136,23.35289094,1.139690615,39.44703357,12.01874779,47.9810787,0.553139935,5.357687747,5.868180914,-0.510493167
157,F0157,2,DA,RAMOS,Dlin-MC3-DMA,DSPC,25.5659184,51.70327316,19.3042338,2.149991076,41.72235243,9.980920735,47.25835152,1.038375317,5.007900313,6.016951435,-1.009051122
158,F0158,2,DA,RAMOS,Dlin-MC3-DMA,DSPC,25.59609997,51.75150541,23.53575937,2.394107044,39.57139563,12.18010978,47.09337398,1.155120608,5.071486512,4.164458063,0.907028449
159,F0159,2,DA,RAMOS,Dlin-MC3-DMA,DSPC,25.32039903,51.62418261,23.80236122,1.890739837,39.33640819,12.28777442,47.46115654,0.914660851,5.39945925,5.873261429,-0.473802179
160,F0160,2,DA,RAMOS,Dlin-MC3-DMA,DSPC,25.18684976,51.30538308,18.37974565,1.846093574,41.87558417,9.429798915,47.79566873,0.898948194,5.136607236,6.143135733,-1.006528497
161,F0161,2,DA,RAMOS,Dlin-MC3-DMA,DSPC,25.10042999,52.30213996,20.24876863,2.513822241,41.71160065,10.59053931,46.49882063,1.199039414,5.203627328,5.647902383,-0.444275055
162,F0162,2,DA,RAMOS,Dlin-MC3-DMA,DSPC,25.0564263,52.70352078,26.5947822,1.090118105,38.68713422,14.01638656,46.78089174,0.515587483,5.416068589,4.230448175,1.185620414
163,F0163,2,DA,RAMOS,Dlin-MC3-DMA,DSPC,25.39929086,52.86139298,25.55223169,1.941744122,39.35412737,13.50726561,46.22329589,0.915311131,5.322846067,5.83404496,-0.511198893
164,F0164,2,DA,RAMOS,Dlin-MC3-DMA,DSPC,25.15846714,51.48510441,18.39608911,1.775040124,42.01385872,9.471245687,47.65373673,0.861158863,5.169265115,6.09275276,-0.923487645
165,F0165,2,DA,RAMOS,Dlin-MC3-DMA,DSPC,24.94193093,52.32956913,24.48684208,1.875625262,39.51571018,12.81385895,46.77631223,0.894118644,5.4469521,5.713200889,-0.266248789
166,F0166,2,NSGAII,RAMOS,Dlin-MC3-DMA,DSPC,24.79652195,52.77644648,27.27278409,1.950731303,38.38284018,14.3936063,46.30234888,0.921204641,5.111317104,5.021702318,0.089614786
167,F0167,2,NSGAII,RAMOS,Dlin-MC3-DMA,DSPC,4.001399599,77.52793024,56.66779727,6.154275702,33.5945599,43.93337034,21.08907663,1.382993129,3.129846822,2.085181906,1.044664916
168,F0168,2,NSGAII,RAMOS,Dlin-MC3-DMA,DSPC,4.005559996,30.33716528,54.6151892,5.26594982,13.76846506,16.56870022,65.9944248,3.66840992,4.235919337,2.9562936,1.279625737
169,F0169,2,NSGAII,RAMOS,Dlin-MC3-DMA,DSPC,4.028763963,52.80627057,19.12178556,1.142135746,42.70876875,10.09750182,46.65471298,0.539016454,5.494463518,4.966244165,0.528219353
170,F0170,2,NSGAII,RAMOS,Dlin-MC3-DMA,DSPC,6.98423956,52.83822029,68.88128332,5.514088654,16.44257607,36.39564422,44.56123737,2.600542344,4.496540882,2.744336022,1.75220486
171,F0171,2,NSGAII,RAMOS,Dlin-MC3-DMA,DSPC,4.005990494,51.38161016,53.98128724,1.137762641,23.64515559,27.73645457,48.06522796,0.553161876,5.085717672,3.18889894,1.896818732
172,F0172,2,NSGAII,RAMOS,Dlin-MC3-DMA,DSPC,4.003306121,61.70551677,54.12333717,6.629858845,28.30843188,33.39708489,35.75561305,2.538870184,4.029959354,2.595609023,1.434350331
173,F0173,2,NSGAII,RAMOS,Dlin-MC3-DMA,DSPC,4.06094958,52.11801483,27.17258383,4.953281305,37.95620356,14.16181127,45.51025575,2.37172942,4.978788478,3.503504492,1.475283986
174,F0174,2,NSGAII,RAMOS,Dlin-MC3-DMA,DSPC,6.859349714,52.53771667,53.88082899,4.402125145,24.2299594,28.30775727,45.37293422,2.089349109,4.846507824,2.476843662,2.369664162
175,F0175,2,NSGAII,RAMOS,Dlin-MC3-DMA,DSPC,4.002108531,51.17313098,60.77892555,6.258053875,20.0706518,31.10247918,45.77125725,3.055611769,4.285186324,2.302733846,1.982452478
176,F0176,2,NSGAII,RAMOS,Dlin-MC3-DMA,DSPC,21.38594772,51.66210893,26.65316273,1.170310961,37.89252297,13.76958596,47.77218743,0.565703638,5.517407441,5.535846921,-0.01843948
177,F0177,2,NSGAII,RAMOS,Dlin-MC3-DMA,DSPC,7.043611039,62.89576383,57.46580638,5.379263899,26.75220597,36.14355786,35.10830139,1.995934781,4.759850563,2.949199002,1.810651561
178,F0178,3,DA,THP1,Dlin-MC3-DMA,DSPC,21.41164902,65.97007772,9.111128494,0.418858552,59.95945917,6.010618549,33.88738504,0.14253724,1.609698531,7.319702523,-5.710003992
179,F0179,3,DA,THP1,Dlin-MC3-DMA,DSPC,21.40296212,66.01742633,1.022686134,0.199930592,65.34227527,0.675151065,33.91463211,0.067941561,-0.156955826,7.79000832,-7.946964146
180,F0180,3,DA,THP1,Dlin-MC3-DMA,DSPC,25.43545933,65.10566303,1.904355611,0.201527483,63.86581968,1.239843347,34.82401529,0.070321679,0.124916099,7.84974452,-7.724828421
181,F0181,3,DA,THP1,Dlin-MC3-DMA,DSPC,25.41679971,65.27781417,1.018500173,0.201162419,64.61295952,0.66485465,34.65233784,0.069847989,0.176917515,7.92258192,-7.745664405
182,F0182,3,DA,THP1,Dlin-MC3-DMA,DSPC,25.48710674,66.59798893,6.972446519,0.420065808,61.95447977,4.643509161,33.26170064,0.140310428,1.074416778,6.852992547,-5.778575769
183,F0183,3,DA,THP1,Dlin-MC3-DMA,DSPC,25.32485954,65.13519015,1.87131012,0.199902554,63.91630875,1.218881405,34.7951142,0.069695645,0.241484857,7.75025799,-7.508773133
184,F0184,3,DA,THP1,Dlin-MC3-DMA,DSPC,25.31734337,65.22476171,1.031216039,0.201553247,64.5521535,0.672608204,34.70514767,0.070090622,0.475823418,7.84716359,-7.371340172
185,F0185,3,DA,THP1,Dlin-MC3-DMA,DSPC,21.4040067,65.6070695,5.636053029,0.422846299,61.90942028,3.697649228,34.24750126,0.145429234,1.462851332,7.113289876,-5.650438544
186,F0186,3,DA,THP1,Dlin-MC3-DMA,DSPC,25.43795963,66.5693376,8.180838299,0.425077778,61.12340774,5.445929866,33.28855608,0.142106317,1.637145228,6.804205716,-5.167060488
187,F0187,3,DA,THP1,Dlin-MC3-DMA,DSPC,25.42828295,66.20370304,7.411593596,0.421992265,61.29695363,4.906749415,33.6536792,0.142617759,1.376553901,7.047347775,-5.670793874
188,F0188,3,DA,THP1,Dlin-MC3-DMA,DSPC,25.42363869,65.3292296,1.016942888,0.201129855,64.66486864,0.664360954,34.60103713,0.06973327,0.575452367,7.57515619,-6.999703823
189,F0189,3,DA,THP1,Dlin-MC3-DMA,DSPC,25.4743186,65.51671998,1.016756028,0.200091018,64.85057478,0.6661452,34.41428207,0.068997946,0.876408271,7.48477223,-6.608363959
190,F0190,3,NSGAII,THP1,Dlin-MC3-DMA,DSPC,21.39601339,65.43933502,1.004391652,0.199601503,64.78206781,0.657267218,34.49168137,0.068983607,-0.855752859,7.54983564,-8.405588499
191,F0191,3,NSGAII,THP1,Dlin-MC3-DMA,DSPC,5.42004124,91.18978103,1.017796323,0.206968808,90.26165479,0.928126238,8.79198457,0.018234405,-1.785117162,2.421700677,-4.206817839
192,F0192,3,NSGAII,THP1,Dlin-MC3-DMA,DSPC,12.18431795,75.56327392,1.004977658,0.201930111,74.8038799,0.75939402,24.38738097,0.049345108,-1.614841954,5.407264019,-7.022105973
193,F0193,3,NSGAII,THP1,Dlin-MC3-DMA,DSPC,7.007140285,76.37098343,1.027363655,0.206893114,75.5863757,0.784607727,23.58012976,0.048886808,-1.824378174,3.839496735,-5.663874909
194,F0194,3,NSGAII,THP1,Dlin-MC3-DMA,DSPC,23.2927501,75.6483941,1.008853681,0.199603116,74.88521249,0.763181609,24.30299934,0.048606564,-1.271635482,6.210432937,-7.482068419
195,F0195,3,NSGAII,THP1,Dlin-MC3-DMA,DSPC,5.765537539,83.2929885,1.002944976,0.206968808,82.45760566,0.835382844,16.6724332,0.034578302,-1.126062931,2.282666155,-3.408729086
196,F0196,3,NSGAII,THP1,Dlin-MC3-DMA,DSPC,21.38675809,75.570009,1.00272519,0.199973666,74.81224948,0.757759516,24.38113745,0.048853549,-0.889924714,6.102355693,-6.992280407
197,F0197,3,NSGAII,THP1,Dlin-MC3-DMA,DSPC,5.854610668,76.2036239,1.012775263,0.207232743,75.43185245,0.771771452,23.74706222,0.049313883,-1.554068102,3.574097168,-5.12816527
198,F0198,3,NSGAII,THP1,Dlin-MC3-DMA,DSPC,22.40096706,75.62157499,1.003938184,0.199601527,74.86238112,0.759193867,24.32976531,0.048659709,-1.197254298,6.202826904,-7.400081202
199,F0199,3,NSGAII,THP1,Dlin-MC3-DMA,DSPC,22.03168449,63.85289477,1.017666242,0.199637589,63.20308541,0.649809355,36.07494202,0.072163209,0.124374534,7.80176894,-7.677394406
200,F0200,3,NSGAII,THP1,Dlin-MC3-DMA,DSPC,5.765537539,92.86289916,1.002944976,0.206968808,91.93153538,0.931363782,7.122329266,0.014771572,-1.689223138,2.160806082,-3.85002922
201,F0201,3,NSGAII,THP1,Dlin-MC3-DMA,DSPC,21.89063105,75.66126672,1.025898204,0.199600841,74.88505914,0.776207577,24.29015297,0.048580316,-1.51894793,5.980888889,-7.499836819
202,F0202,3,DA,RAMOS,Dlin-MC3-DMA,DSPC,14.55038235,52.43899162,25.2996134,0.563468046,39.17212947,13.26686215,47.29301729,0.267991085,6.129499782,5.544747382,0.5847524
203,F0203,3,DA,RAMOS,Dlin-MC3-DMA,DSPC,14.36374425,52.43627946,25.36198042,0.674964405,39.13740053,13.29887893,47.24268236,0.321038183,5.848043562,6.137810867,-0.289767305
204,F0204,3,DA,RAMOS,Dlin-MC3-DMA,DSPC,14.06469375,52.33523417,25.68148627,0.948894092,38.89476819,13.44046598,47.21247768,0.452288147,6.032503291,6.108246614,-0.075743323
205,F0205,3,DA,RAMOS,Dlin-MC3-DMA,DSPC,14.64307683,52.43875176,25.07730926,0.781133452,39.28852381,13.15022795,47.18973142,0.37151682,5.894992082,6.423697795,-0.528705713
206,F0206,3,DA,RAMOS,Dlin-MC3-DMA,DSPC,24.4656784,52.35656944,25.47323717,0.754575193,39.01965633,13.33691311,47.28392505,0.359505508,5.867450424,5.920574545,-0.053124121
207,F0207,3,DA,RAMOS,Dlin-MC3-DMA,DSPC,14.64621353,52.28670432,25.20578167,0.619818945,39.10743179,13.17927253,47.41755964,0.295736046,5.94028153,6.204887207,-0.264605677
208,F0208,3,DA,RAMOS,Dlin-MC3-DMA,DSPC,14.4386149,52.39268982,24.87592994,0.707055753,39.359521,13.03316881,47.27069996,0.336610226,5.952229046,6.331542226,-0.37931318
209,F0209,3,DA,RAMOS,Dlin-MC3-DMA,DSPC,14.05715377,52.46489199,25.06211943,0.784842963,39.3160781,13.14881389,47.16203206,0.37307595,5.991627561,6.253107814,-0.261480253
210,F0210,3,DA,RAMOS,Dlin-MC3-DMA,DSPC,14.20716272,52.30003074,26.41439226,0.937347953,38.48529547,13.81473527,47.25285457,0.447114685,5.974279894,5.721143173,0.253136721
211,F0211,3,DA,RAMOS,Dlin-MC3-DMA,DSPC,14.30867586,52.4992842,26.25964694,0.610917812,38.71315752,13.78612668,47.21052546,0.290190334,5.890104675,6.010827897,-0.120723222
212,F0212,3,DA,RAMOS,Dlin-MC3-DMA,DSPC,14.42751919,52.32327688,26.26602183,0.681087946,38.58003356,13.74324333,47.3520027,0.324720414,6.135371197,5.868176829,0.267194368
213,F0213,3,DA,RAMOS,Dlin-MC3-DMA,DSPC,14.27947163,52.35308608,24.13653249,0.567222883,39.71686645,12.63621963,47.37664972,0.270264199,5.73887139,6.148741469,-0.409870079
214,F0214,3,NSGAII,RAMOS,Dlin-MC3-DMA,DSPC,14.35822291,52.43623931,26.29216105,0.539934453,38.64961882,13.78662049,47.30694756,0.256813131,5.796308493,3.339359511,2.456948982
215,F0215,3,NSGAII,RAMOS,Dlin-MC3-DMA,DSPC,4.857269494,35.99836088,75.39018764,9.604971085,8.859129065,27.13923182,57.85430019,6.147338931,0.696515575,0.374783706,0.321731869
216,F0216,3,NSGAII,RAMOS,Dlin-MC3-DMA,DSPC,4.000007032,52.47084237,26.26585361,7.814130391,38.68892773,13.78191464,43.81516728,3.713990351,4.312705732,4.087884027,0.224821705
217,F0217,3,NSGAII,RAMOS,Dlin-MC3-DMA,DSPC,5.772291548,70.88151566,73.14337321,4.10249426,19.03638413,51.84513154,27.92390019,1.194584148,1.441003796,0.911733266,0.52927053
218,F0218,3,NSGAII,RAMOS,Dlin-MC3-DMA,DSPC,24.78240929,56.07689019,25.69633487,3.000713294,41.66718471,14.40970549,42.60510321,1.318006595,5.638102571,5.610885642,0.027216929
219,F0219,3,NSGAII,RAMOS,Dlin-MC3-DMA,DSPC,4.006952393,52.37488235,54.48619378,2.469914941,23.83780246,28.53707989,46.44881776,1.176299897,5.274200816,3.176842361,2.097358455
220,F0220,3,NSGAII,RAMOS,Dlin-MC3-DMA,DSPC,4.00009166,52.4719621,27.06523097,0.540436198,38.27030436,14.20165774,47.27117918,0.256858721,5.56255031,5.963163413,-0.400613103
221,F0221,3,NSGAII,RAMOS,Dlin-MC3-DMA,DSPC,6.939277218,52.38988532,75.56930401,2.936280453,12.79921361,39.59067171,46.21214819,1.397966491,4.878283604,2.27352523,2.604758374
222,F0222,3,NSGAII,RAMOS,Dlin-MC3-DMA,DSPC,5.790544918,69.76366845,55.71668329,7.66939598,30.89366624,38.8700022,27.91738756,2.318943997,3.616996655,1.364063022,2.252933633
223,F0223,3,NSGAII,RAMOS,Dlin-MC3-DMA,DSPC,4.466618502,52.69554989,72.36863766,10.52265397,14.56049833,38.13505156,42.32676651,4.977683598,1.811202234,0.45597929,1.355222944
224,F0224,3,NSGAII,RAMOS,Dlin-MC3-DMA,DSPC,5.808384464,61.87946667,38.58717542,2.529430301,38.00192832,23.87753835,37.15630101,0.964232321,4.594431613,2.2214021,2.373029513
225,F0225,3,NSGAII,RAMOS,Dlin-MC3-DMA,DSPC,4.996358131,52.40123117,56.09336495,7.631056393,23.00761733,29.39361384,43.96647994,3.632288892,4.797274559,1.624613272,3.172661287
226,F0226,4,DA,THP1,Dlin-MC3-DMA,DSPC,22.08985039,65.15237236,4.656309143,0.333395631,62.11867649,3.033695871,34.73144718,0.116180468,2.132771138,6.647343133,-4.514571995
227,F0227,4,DA,THP1,Dlin-MC3-DMA,DSPC,22.0682478,65.11984679,4.668154274,0.344447605,62.07995188,3.039894911,34.76000936,0.120143852,1.747363279,6.588668531,-4.841305252
228,F0228,4,DA,THP1,Dlin-MC3-DMA,DSPC,21.40145141,65.18417173,4.59375357,0.333249375,62.18977151,2.994400216,34.69980474,0.11602353,1.931945254,6.597205752,-4.665260498
229,F0229,4,DA,THP1,Dlin-MC3-DMA,DSPC,22.03270694,65.19301875,4.539676621,0.331229247,62.23346652,2.95955223,34.69169035,0.115290902,1.946906858,6.547675524,-4.600768666
230,F0230,4,DA,THP1,Dlin-MC3-DMA,DSPC,21.40204181,54.3516362,5.332870396,0.207883351,51.45313389,2.898502317,45.55346845,0.094895348,2.010465542,5.941702886,-3.931237344
231,F0231,4,DA,THP1,Dlin-MC3-DMA,DSPC,22.06343473,65.17266424,4.512318114,0.206007583,62.2318663,2.940797934,34.75558881,0.071746953,2.14055339,6.206811641,-4.066258251
232,F0232,4,DA,THP1,Dlin-MC3-DMA,DSPC,22.01913323,65.149522,4.555358045,0.33572652,62.18172801,2.967793992,34.7334757,0.117002297,2.025201373,6.329232063,-4.30403069
233,F0233,4,DA,THP1,Dlin-MC3-DMA,DSPC,22.05534779,65.18263508,1.059818411,0.335980967,64.49181751,0.690817567,34.7003852,0.116979719,1.533626612,6.243277845,-4.709651233
234,F0234,4,DA,THP1,Dlin-MC3-DMA,DSPC,22.06318933,65.18146878,4.602115765,0.337756683,62.18174213,2.999726651,34.7009293,0.117601916,2.050971045,6.331635448,-4.280664403
235,F0235,4,DA,THP1,Dlin-MC3-DMA,DSPC,21.40178996,65.18439545,4.521265005,0.341583053,62.23723619,2.94715926,34.69668034,0.118924205,1.926612564,6.522463393,-4.595850829
236,F0236,4,DA,THP1,Dlin-MC3-DMA,DSPC,22.00995502,65.15147517,4.53603642,0.342597436,62.19618053,2.955294642,34.72913467,0.119390153,2.030708434,6.534530864,-4.50382243
237,F0237,4,DA,THP1,Dlin-MC3-DMA,DSPC,21.9918162,65.13712808,4.626156844,0.338197029,62.12378237,3.013345708,34.74496672,0.117905197,1.785367191,6.52522429,-4.739857099
238,F0238,4,NSGAII,THP1,Dlin-MC3-DMA,DSPC,22.01950055,65.14393373,1.061889899,0.205655125,64.45217688,0.691756852,34.78438298,0.071683287,1.19016665,6.218602414,-5.028435764
239,F0239,4,NSGAII,THP1,Dlin-MC3-DMA,DSPC,13.92208424,76.04678859,1.061773168,0.205670734,75.23934419,0.807444397,23.90394666,0.049264746,0.177798021,5.172456287,-4.994658266
240,F0240,4,NSGAII,THP1,Dlin-MC3-DMA,DSPC,21.40042024,65.16275996,3.881045206,0.207835836,62.63376379,2.528996172,34.76483577,0.072404269,1.776747705,6.208644425,-4.43189672
241,F0241,4,NSGAII,THP1,Dlin-MC3-DMA,DSPC,22.04797284,65.16874293,1.061889083,0.205670734,64.47672316,0.692019767,34.75961937,0.071637702,1.588183996,6.135050815,-4.546866819
242,F0242,4,NSGAII,THP1,Dlin-MC3-DMA,DSPC,22.07768361,65.05730854,1.061890906,0.205702507,64.3664709,0.690837643,34.87081346,0.071877992,1.500350768,6.204434723,-4.704083955
243,F0243,4,NSGAII,THP1,Dlin-MC3-DMA,DSPC,22.05540883,65.05730854,1.061890906,0.205673422,64.3664709,0.690837643,34.87082363,0.071867829,1.538433896,6.040330977,-4.501897081
244,F0244,4,NSGAII,THP1,Dlin-MC3-DMA,DSPC,22.07186609,65.16241047,3.878330436,0.207522257,62.63519687,2.527213598,34.76529378,0.072295752,1.606076759,5.966956012,-4.360879253
245,F0245,4,NSGAII,THP1,Dlin-MC3-DMA,DSPC,22.39920153,76.02899949,1.061773168,0.205670734,75.22174397,0.807255517,23.92169918,0.049301333,0.798860304,5.394683431,-4.595823127
246,F0246,4,NSGAII,THP1,Dlin-MC3-DMA,DSPC,21.92392272,65.16275996,1.061890906,0.205673422,64.47080254,0.691957422,34.7655891,0.071650944,1.734345312,5.915753283,-4.181407971
247,F0247,4,NSGAII,THP1,Dlin-MC3-DMA,DSPC,21.958981,65.15082815,1.061889886,0.205654871,64.4589981,0.691830055,34.77750283,0.071669019,1.108280921,5.879860975,-4.771580054
248,F0248,4,NSGAII,THP1,Dlin-MC3-DMA,DSPC,21.98634967,65.05730854,1.061890906,0.205673422,64.3664709,0.690837643,34.87082363,0.071867829,1.415416863,5.862592113,-4.44717525
249,F0249,4,NSGAII,THP1,Dlin-MC3-DMA,DSPC,21.958981,65.02901341,1.061889886,0.205654871,64.33847689,0.690536517,34.89906705,0.071919537,1.270399566,5.777325842,-4.506926276
250,F0250,4,DA,RAMOS,Dlin-MC3-DMA,DSPC,6.85876598,51.84818312,56.86861925,0.562369695,22.36283728,29.48534585,47.88102565,0.270791226,4.463763011,5.087154328,-0.623391317
251,F0251,4,DA,RAMOS,Dlin-MC3-DMA,DSPC,6.842334637,52.12399288,57.05673849,0.557204657,22.38374257,29.7402503,47.60923978,0.266767341,4.670208627,5.257229174,-0.587020547
252,F0252,4,DA,RAMOS,Dlin-MC3-DMA,DSPC,6.747431733,52.33444523,57.37408979,0.539533983,22.30803363,30.0264116,47.4083829,0.257171866,4.025085224,4.907784901,-0.882699677
253,F0253,4,DA,RAMOS,Dlin-MC3-DMA,DSPC,6.811614326,52.33352195,57.75447393,0.604717016,22.10857166,30.22495029,47.37823075,0.288247304,4.730322087,4.936931882,-0.206609795
254,F0254,4,DA,RAMOS,Dlin-MC3-DMA,DSPC,6.831999229,52.33521678,57.65196032,0.538260051,22.16293837,30.17227841,47.40822273,0.256560486,4.551650871,5.169078326,-0.617427455
255,F0255,4,DA,RAMOS,Dlin-MC3-DMA,DSPC,6.776414566,51.69500244,57.18570375,0.538237881,22.13285149,29.56215095,48.04500177,0.259995795,4.517835355,5.198731954,-0.680896599
256,F0256,4,DA,RAMOS,Dlin-MC3-DMA,DSPC,6.830861458,51.8605522,57.74194124,0.537958451,21.91526262,29.94528958,47.88047757,0.258970228,4.554477494,5.177732448,-0.623254954
257,F0257,4,DA,RAMOS,Dlin-MC3-DMA,DSPC,6.817782709,51.97569752,56.75459232,0.538781657,22.47710228,29.49859523,47.76555635,0.258746133,4.595039917,5.045879347,-0.45083943
258,F0258,4,DA,RAMOS,Dlin-MC3-DMA,DSPC,6.786704822,52.08617234,56.81268116,0.538859979,22.49462132,29.59155102,47.65563922,0.258188442,4.37110094,5.102219682,-0.731118742
259,F0259,4,DA,RAMOS,Dlin-MC3-DMA,DSPC,6.715289421,51.71619923,57.19534567,0.538895303,22.13694032,29.57925892,48.02360163,0.260199134,4.350018948,4.833131122,-0.483112174
260,F0260,4,DA,RAMOS,Dlin-MC3-DMA,DSPC,6.780081976,51.96800958,58.04491912,0.578402208,21.80322045,30.16478913,47.75417233,0.277818093,4.446255267,5.021687535,-0.575432268
261,F0261,4,DA,RAMOS,Dlin-MC3-DMA,DSPC,6.754730542,51.96762484,57.48501084,0.553063922,22.09403007,29.87359477,47.76672542,0.265649738,4.378856143,5.288039241,-0.909183098
262,F0262,4,NSGAII,RAMOS,Dlin-MC3-DMA,DSPC,6.71307902,51.88502765,60.56121611,0.537860772,20.46282393,31.42220372,47.85618079,0.258791562,5.08601086,4.739795494,0.346215366
263,F0263,4,NSGAII,RAMOS,Dlin-MC3-DMA,DSPC,4.743452288,51.10896909,59.84773032,24.85714936,20.5214111,30.58755799,36.73811433,12.15291658,2.983247691,1.72570597,1.257541721
264,F0264,4,NSGAII,RAMOS,Dlin-MC3-DMA,DSPC,6.815199167,60.87346872,58.87824558,6.669224544,25.03223831,35.8412304,36.51709506,2.609436227,4.245638841,2.036596241,2.2090426
265,F0265,4,NSGAII,RAMOS,Dlin-MC3-DMA,DSPC,5.444305416,51.15153094,60.19858432,7.46626977,20.35903345,30.79249749,45.20131058,3.647158479,3.983547132,1.984151438,1.999395694
266,F0266,4,NSGAII,RAMOS,Dlin-MC3-DMA,DSPC,4.699999416,51.16134499,58.34458253,0.537860772,21.31147184,29.84987315,48.57597104,0.262683967,4.756587465,4.541577179,0.215010286
267,F0267,4,NSGAII,RAMOS,Dlin-MC3-DMA,DSPC,5.630090073,51.13176697,58.81353343,0.538419367,21.05936811,30.07239886,48.605117,0.263116031,5.02446681,4.858022469,0.166444341
268,F0268,4,NSGAII,RAMOS,Dlin-MC3-DMA,DSPC,6.798549986,51.83396013,58.55065764,0.537860772,21.48483559,30.34912454,47.90697364,0.259066234,4.74445934,2.481681858,2.262777482
269,F0269,4,NSGAII,RAMOS,Dlin-MC3-DMA,DSPC,5.753680633,51.14237113,58.32956637,6.471832654,21.31124782,29.83112331,45.69564489,3.161983979,4.271613642,2.162273976,2.109339666
270,F0270,4,NSGAII,RAMOS,Dlin-MC3-DMA,DSPC,6.805158683,51.36566306,60.76150741,0.538419367,20.1551119,31.21055117,48.37248025,0.261856689,4.998949832,4.774802914,0.224146918
271,F0271,4,NSGAII,RAMOS,Dlin-MC3-DMA,DSPC,6.805158683,51.34097075,59.00098865,0.538419367,21.04929042,30.29168033,48.39703961,0.261989637,4.680196753,2.547793898,2.132402855
272,F0272,4,NSGAII,RAMOS,Dlin-MC3-DMA,DSPC,5.545327863,51.15163343,59.22793855,0.538419367,20.85557541,30.29605802,48.5853575,0.263009066,4.526155124,2.428084383,2.098070741
273,F0273,4,NSGAII,RAMOS,Dlin-MC3-DMA,DSPC,6.71307902,51.87533908,60.56121611,0.537860772,20.45900287,31.4163362,47.86581725,0.258843673,4.619251826,2.457029142,2.162222684
