Formula_Label,Solvent,Solvent_Polarity,DS_Protein_Ratio,DS_MW,DS Concentration,Polymer_MW,Polymer_Protein_Ratio,Polymer concentration,log_DS_MW,log_Polymer_MW,Experimenta #,Encapsulation efficiency (%),Size,Zeta Potential,Release D5,Release D10,Release D30
1,ACN,3.5,2,500000,1,20000,10,2.5,5.7,4.3,1A,65,83.01,-34.3,5.230449144,6.12267793,10.9524951
2,ACN,3.5,0.75,500000,0.375,55000,10,2.5,5.7,4.7,1B,87,82.48667,-37.7,2.407856386,7.685381,15.4426536
3,ACN,3.5,0.75,100000,0.375,45000,20,5,5,4.7,1C,93,84.19,-26.266667,2.772994146,6.10403294,11.7680844
4,ACN,3.5,1.5,100000,0.75,20000,2.5,0.625,5,4.3,2C,100,88.21667,-38.466667,3.83254749,3.78347054,21.4104177
5,ACN,3.5,1.5,100000,0.75,55000,20,5,5,4.7,3C,97,88.30333,-38.233333,2.860533674,4.3183867,14.5730293
6,ACN,3.5,1,500000,0.5,10000,10,2.5,5.7,4,2A,62,84.52,-30.266667,9.348934865,9.27713248,12.0250375
7,ACN,3.5,2,500000,1,75000,20,5,5.7,4.9,2B,,118.8667,-21.166667,3.746128974,5.53577776,0
8,ACN,3.5,0.5,100000,0.25,55000,10,2.5,5,4.7,4C,96,102.5333,-29.766667,2.981449718,4.98399336,20.1516108
9,ACN,3.5,1,500000,0.5,55000,10,2.5,5.7,4.7,3B,,109.6,-41.3,6.464339645,6.19172,2.48426561
10,ACN,3.5,1.5,500000,0.75,55000,2.5,0.625,5.7,4.7,4B,89,135.9333,-28.9,8.161385292,8.23996288,0.57143016
11,ACN,3.5,1.5,500000,0.75,45000,10,2.5,5.7,4.7,3A,69,77.44,-33.233333,3.088419761,6.16556187,13.6949666
12,ACN,3.5,1.5,100000,0.75,5000,10,2.5,5,3.7,5C,88,99.36667,-31.8,6.803874243,7.20675633,57.5286388
13,ACN,3.5,0.75,500000,0.375,10000,10,2.5,5.7,4,4A,64,84.91,-34.233333,10.20854638,10.8787591,10.3899368
14,ACN,3.5,1.5,100000,0.75,45000,5,1.25,5,4.7,6C,85,105.7667,-42.1,3.612013769,5.81145104,24.6397683
15,ACN,3.5,1.5,100000,0.75,20000,10,2.5,5,4.3,7C,98,84.68333,-46.5,4.30194842,5.10309274,13.7069284
16,ACN,3.5,1,40000,0.5,10000,10,2.5,4.6,4,5A,58,81.52,-32.533333,5.283650116,11.2049528,26.0790636
17,ACN,3.5,1.5,40000,0.75,75000,2.5,0.625,4.6,4.9,6A,45,106.77,-28.866667,1.266323071,17.4522672,47.0967702
18,ACN,3.5,1,100000,0.5,55000,5,1.25,5,4.7,8C,96,116.2,-46.466667,3.937139449,6.71363517,24.6905084
19,ACN,3.5,0.5,100000,0.25,20000,20,5,5,4.3,9C,98,68.09,-20.4,4.17070881,5.79809012,18.5001603
20,ACN,3.5,2,40000,1,45000,20,5,4.6,4.7,7A,45,63.3,-22.7,1.458080539,8.93898606,10.2395762
21,ACN,3.5,1,20000,0.5,75000,10,2.5,4.3,4.9,10C,100,119.9667,-23.1,4.028177394,7.9134021,21.4104177
22,ACN,3.5,0.5,500000,0.25,55000,10,2.5,5.7,4.7,5B,92,112.1,-35.266667,4.900865742,7.46835423,0.57270075
23,ACN,3.5,1,100000,0.5,20000,20,5,5,4.3,1D,81,59.37333,-20.7,9.390127052,5.0840775,6.57970161
24,ACN,3.5,2,100000,1,10000,10,2.5,5,4,2D,89,76.6875,-40.033333,2.760480365,5.3278705,9.7974679
25,ACN,3.5,1.5,500000,0.75,20000,5,1.25,5.7,4.3,8A,59,86.47,-34.3,4.865230162,7.91237139,17.9349483
26,ACN,3.5,2,500000,1,55000,20,5,5.7,4.7,6B,91,94.7,-6.8966667,8.754758794,7.94579685,1.08795763
27,ACN,3.5,1,500000,0.5,45000,10,2.5,5.7,4.7,9A,71,75.45,-35.366667,1.367404925,8.60113339,11.5170996
28,ACN,3.5,1.5,100000,0.75,45000,20,5,5,4.7,3D,89,77.66667,-37.266667,0,3.44739405,5.65552637
29,ACN,3.5,1,100000,0.5,55000,10,2.5,5,4.7,4D,85,110.0333,-34.466667,0,3.98665648,13.1532716
30,ACN,3.5,1.5,100000,0.75,75000,1,0.25,5,4.9,5D,79,152.4,-40.833333,7.677510865,9.14930494,16.5938862
31,ACN,3.5,0.75,500000,0.375,55000,20,5,5.7,4.7,7B,94,87.49667,-47.5,4.950631091,7.06083144,1.29512353
32,ACN,3.5,1,500000,0.5,45000,20,5,5.7,4.7,8B,90,73.26,-36.866667,5.118110671,7.53509486,0
33,ACN,3.5,2,40000,1,45000,5,1.25,4.6,4.7,9B,96,87.76333,-44.633333,7.009214724,9.45384819,11.1456487
34,ACN,3.5,0.5,100000,0.25,10000,5,1.25,5,4,6D,90,115.6667,-30.733333,2.28986356,7.20990826,28.3306589
35,ACN,3.5,0.75,100000,0.375,20000,10,2.5,5,4.3,7D,96,93.76667,-42.866667,0.204916136,3.75672983,7.65878084
36,ACN,3.5,0.75,100000,0.375,75000,2.5,0.625,5,4.9,8D,79,147.7,-36,1.405620256,12.7899689,31.2500019
37,ACN,3.5,1.5,6500,0.75,20000,5,1.25,3.8,4.3,10A,67,111.2,-23.566667,3.989650744,10.9286523,37.9310359
38,ACN,3.5,2,100000,1,20000,5,1.25,5,4.3,9D,88,85.39,-42.6,2.953196384,7.03907043,27.3746694
39,ACN,3.5,1,500000,0.5,45000,2.5,0.625,5.7,4.7,10B,91,108.9,-43.166667,8.292748604,8.4547187,1.11731869
40,ACN,3.5,1.5,100000,0.75,20000,5,1.25,5,4.3,10D,73,89.61333,-39.533333,5.083970116,8.43859204,26.5240647
41,ACETONE,5.1,2,500000,1,55000,5,1.25,5.7,4.7,,94.56736534,,,7.02780012,23.09989,25.05889349
42,ACETONE,5.1,1.5,100000,0.75,5000,5,1.25,5,3.7,,,,,,,
43,ACETONE,5.1,2,100000,1,10000,2.5,0.625,5,4,,99.06843397,,,9.668676689,76.07546924,77.54263985
44,ACETONE,5.1,1,500000,0.5,75000,10,2.5,5.7,4.9,,91.25467855,,,15.88400734,22.2906,76.31578204
45,ACETONE,5.1,1,100000,0.5,55000,10,2.5,5,4.7,,98.74503107,,,3.184449549,59.59730714,68.78306418
46,ACETONE,5.1,0.75,500000,0.375,45000,10,2.5,5.7,4.7,,95.43464982,,,3.732597,9.990348482,13.18419315
47,ACETONE,5.1,1,100000,0.5,20000,10,2.5,5,4.3,,97.54075494,,,4.423635784,85.01668052,81.04681551
48,ACETONE,5.1,1,500000,0.5,55000,2.5,0.625,5.7,4.7,,94.57755375,,,5.24861815,28.5222196,11.82212661
49,ACETONE,5.1,0.5,500000,0.25,45000,5,1.25,5.7,4.7,,94.81025484,,,6.666668,13.87895307,15.02702595
50,ACETONE,5.1,1.5,40000,0.75,10000,10,2.5,4.6,4,,94.48224437,,,12.69142,7.488584233,71.56549096
51,ACETONE,5.1,0.75,500000,0.375,55000,20,5,5.7,4.7,,95.7857207,,,6.635718,42.70833555,10.71492498
52,ACETONE,5.1,1,100000,0.5,45000,10,2.5,5,4.7,,98.91646082,,,5.145599346,85.91136859,68.28859195
53,ACETONE,5.1,2,100000,1,75000,5,1.25,5,4.9,,99.07936133,,,8.009707689,75.981997,73.65164088
54,ACETONE,5.1,0.75,500000,0.375,45000,20,5,5.7,4.7,,95.75208081,,,3.025256,13.04651827,13.57282916
55,ACETONE,5.1,2,500000,1,20000,10,2.5,5.7,4.3,,95.27282553,,,7.230514185,23.45979,13.16022986
56,ACETONE,5.1,1.5,500000,0.75,20000,20,5,5.7,4.3,,85.4482353,,,2.817182804,21.6994,11.86060529
57,ACETONE,5.1,1.5,20000,0.75,10000,5,1.25,4.3,4,,95.49257253,,,8.915663,10.64920244,93.34277925
58,ACETONE,5.1,1.5,500000,0.75,75000,20,5,5.7,4.9,,95.04737224,,,5.951687699,16.70287,10.01506209
59,ACETONE,5.1,1.5,100000,0.75,45000,2.5,0.625,5,4.7,,99.29992998,,,3.620688818,82.67673919,60.80347987
60,ACETONE,5.1,1.5,100000,0.75,75000,10,2.5,5,4.9,,100,,,4.530386502,6.029039899,21.58177271
61,ACETONE,5.1,1,100000,0.5,20000,20,5,5,4.3,,98.5974753,,,3.775999038,5.425126967,10.56773498
62,ACETONE,5.1,1.5,500000,0.75,20000,10,2.5,5.7,4.3,,94.72309923,,,5.547532539,21.9719,16.9124722
63,ACETONE,5.1,2,500000,1,55000,2.5,0.625,5.7,4.7,,95.48471987,,,2.96760548,37.98908,13.47665501
64,ACETONE,5.1,0.75,40000,0.375,75000,10,2.5,4.6,4.9,,96.05230013,,,5.058082,8.317504229,35.1828899
65,ACETONE,5.1,0.5,6500,0.25,55000,5,1.25,3.8,4.7,,99.36036375,,,4.997160109,17.09401781,21.00000394
66,ACETONE,5.1,1.5,100000,0.75,20000,20,5,5,4.3,,99.92425682,,,7.25847207,11.45092396,17.24611427
67,ACETONE,5.1,0.75,100000,0.375,20000,10,2.5,5,4.3,,99.98149206,,,4.35501745,8.643861599,36.59612717
68,ACETONE,5.1,1,100000,0.5,10000,10,2.5,5,4,,99.22412002,,,4.308062626,75.69716847,89.21402272
69,ACETONE,5.1,0.75,500000,0.375,45000,5,1.25,5.7,4.7,,96.43503046,,,6.086687,13.92712525,14.95418972
70,ACETONE,5.1,1.5,100000,0.75,75000,20,5,5,4.9,,100,,,1.886178808,4.937662447,13.31243235
71,ACETONE,5.1,0.5,100000,0.25,55000,20,5,5,4.7,,99.74129015,,,3.437772966,7.669903265,18.54360049
72,ACETONE,5.1,1.5,100000,0.75,10000,1,0.25,5,4,,98.8159311,,,4.991453011,71.50621479,64.30850926
73,ACETONE,5.1,1.5,100000,0.75,45000,20,5,5,4.7,,99.68384665,,,3.748289806,5.941549545,15.57255766
74,ACETONE,5.1,1,100000,0.5,20000,1,0.25,5,4.3,,98.72528011,,,7.812500935,54.44965307,71.29208004
75,ACETONE,5.1,1.5,40000,0.75,55000,10,2.5,4.6,4.7,,95.86752416,,,6.113649,6.645420335,9.799034189
76,ACETONE,5.1,1,500000,0.5,45000,20,5,5.7,4.7,,93.43215261,,,2.0317,28.98399948,12.34177348
77,ACETONE,5.1,2,500000,1,45000,10,2.5,5.7,4.7,,92.32657328,,,8.507193443,20.18518,46.72413084
78,ACETONE,5.1,2,100000,1,20000,5,1.25,5,4.3,,98.88192436,,,7.310469375,46.07843632,46.23161046
79,ACETONE,5.1,1,500000,0.5,55000,20,5,5.7,4.7,,91.93670417,,,6.078167585,21.18489661,13.40688609
80,ACETONE,5.1,2,6500,1,45000,5,1.25,3.8,4.7,,99.97516452,,,3.854073887,12.59858873,40.32257381
